order_id,customer_id,product,quantity,unit_price,order_date,region,status,total_amount
ORD01707,CUST0130,Mouse,4,1221.54,2025-04-11,North,Pending,4886.16
ORD00111,CUST0074,Monitor,4,960.48,2025-04-28,South,Completed,3841.92
ORD01465,CUST0272,Headphones,1,42.56,2025-07-17,East,Unknown,42.56
ORD00197,CUST0103,Keyboard,2,1187.66,2025-01-07,North,Pending,2375.32
ORD00573,CUST0132,Laptop,3,338.88,2025-07-03,North,Pending,1016.64
ORD01534,CUST0199,Headphones,1,1197.23,2025-04-04,West,Cancelled,1197.23
ORD00976,CUST0070,Webcam,1,1125.53,2025-05-05,North,Completed,1125.53
ORD00493,CUST0267,Headphones,1,402.34,2025-05-20,South,Completed,402.34
ORD01471,CUST0038,Charger,3,703.92,2025-08-16,South,Unknown,2111.76
ORD00361,CUST0016,Charger,1,645.73,2025-04-01,South,Cancelled,645.73
ORD00431,CUST0152,Headphones,4,84.62,2025-07-28,East,Completed,338.48
ORD00329,CUST0227,Monitor,1,1345.92,2025-02-05,North,Unknown,1345.92
ORD00566,CUST0225,Monitor,1,1036.98,2025-04-02,South,Cancelled,1036.98
ORD00958,CUST0044,Webcam,2,648.9,2025-06-28,South,Completed,1297.8
ORD00756,CUST0062,Webcam,5,1102.11,2025-01-05,South,Pending,5510.55
ORD01607,CUST0002,Charger,1,357.28,2025-01-13,North,Completed,357.28
ORD01304,CUST0052,Keyboard,1,1252.45,2025-01-07,South,Completed,1252.45
ORD00876,CUST0279,Tablet,1,524.42,2025-07-27,West,Pending,524.42
ORD01808,CUST0066,Keyboard,1,874.5,2025-06-21,South,Unknown,874.5
ORD01544,CUST0294,Charger,4,578.12,2025-05-02,East,Cancelled,2312.48
ORD01086,CUST0027,Charger,4,792.21,2025-06-29,South,Pending,3168.84
ORD00902,CUST0122,Tablet,5,1131.06,2025-04-09,East,Completed,5655.3
ORD00641,CUST0045,Tablet,2,563.66,2025-08-01,South,Pending,1127.32
ORD00594,CUST0227,Keyboard,4,76.87,2025-07-29,South,Unknown,307.48
ORD01314,CUST0277,Monitor,1,737.67,2025-07-30,East,Pending,737.67
ORD01790,CUST0117,Tablet,5,1158.55,2025-04-10,South,Cancelled,5792.75
ORD01884,CUST0094,Charger,5,172.07,2025-06-10,West,Pending,860.35
ORD01519,CUST0051,Mouse,1,1450.43,2025-03-03,North,Unknown,1450.43
ORD01495,CUST0296,Headphones,2,498.64,2025-04-06,South,Pending,997.28
ORD01265,CUST0178,Mouse,4,901.24,2025-06-06,North,Completed,3604.96
ORD00818,CUST0102,Headphones,1,1279.23,2025-01-13,North,Completed,1279.23
ORD01909,CUST0207,Charger,1,203.74,2025-02-05,North,Pending,203.74
ORD01178,CUST0250,Mouse,2,1034.13,2025-04-07,South,Completed,2068.26
ORD01119,CUST0198,Webcam,3,746.37,2025-05-04,West,Pending,2239.11
ORD01949,CUST0233,Mouse,3,1243.12,2025-02-21,South,Unknown,3729.36
ORD00928,CUST0029,Laptop,3,1276.39,2025-04-13,North,Completed,3829.17
ORD01752,CUST0208,Laptop,5,457.51,2025-08-09,North,Pending,2287.55
ORD00205,CUST0255,Headphones,1,1435.41,2025-05-04,East,Unknown,1435.41
ORD01595,CUST0036,Keyboard,2,939.81,2025-06-23,South,Completed,1879.62
ORD00173,CUST0114,Tablet,3,1396.4,2025-04-17,West,Pending,4189.2
ORD00528,CUST0278,Laptop,4,563.08,2025-03-22,North,Cancelled,2252.32
ORD01163,CUST0224,Charger,3,1269.19,2025-06-26,West,Unknown,3807.57
ORD00888,CUST0061,Charger,1,190.09,2025-05-27,North,Pending,190.09
ORD01959,CUST0158,Webcam,1,352.06,2025-06-15,North,Pending,352.06
ORD01079,CUST0102,Tablet,1,1474.56,2025-01-31,West,Pending,1474.56
ORD01383,CUST0243,Monitor,3,1087.82,2025-06-03,West,Unknown,3263.46
ORD01978,CUST0225,Laptop,2,860.85,2025-04-23,South,Completed,1721.7
ORD00141,CUST0285,Webcam,1,1146.28,2025-05-27,East,Completed,1146.28
ORD00186,CUST0226,Charger,3,1460.85,2025-05-08,West,Cancelled,4382.55
ORD01814,CUST0235,Headphones,2,625.97,2025-08-14,South,Cancelled,1251.94
ORD01887,CUST0271,Keyboard,4,78.72,2025-03-01,East,Pending,314.88
ORD01427,CUST0126,Tablet,1,1444.09,2025-01-02,North,Unknown,1444.09
ORD01629,CUST0137,Mouse,4,590.47,2025-02-19,South,Pending,2361.88
ORD01641,CUST0203,Keyboard,5,1236.04,2025-07-28,West,Pending,6180.2
ORD00242,CUST0289,Mouse,1,1244.87,2025-08-20,South,Pending,1244.87
ORD00545,CUST0043,Mouse,3,930.97,2025-01-22,West,Cancelled,2792.91
ORD00675,CUST0014,Headphones,4,132.94,2025-05-10,East,Cancelled,531.76
ORD01038,CUST0298,Laptop,1,463.07,2025-06-17,North,Pending,463.07
ORD00448,CUST0062,Charger,2,691.0,2025-07-20,South,Cancelled,1382.0
ORD00841,CUST0244,Headphones,5,904.51,2025-01-24,East,Cancelled,4522.55
ORD01509,CUST0215,Charger,5,298.12,2025-08-02,North,Pending,1490.6
ORD00003,CUST0280,Charger,2,679.32,2025-03-13,East,Pending,1358.64
ORD01426,CUST0091,Tablet,5,965.66,2025-07-25,East,Cancelled,4828.3
ORD00376,CUST0255,Keyboard,3,1120.56,2025-03-02,East,Pending,3361.68
ORD00373,CUST0081,Charger,1,1441.39,2025-06-16,South,Unknown,1441.39
ORD00956,CUST0007,Tablet,1,773.84,2025-07-14,East,Completed,773.84
ORD00109,CUST0015,Laptop,3,1196.25,2025-03-17,East,Completed,3588.75
ORD00817,CUST0115,Laptop,1,1385.44,2025-06-15,South,Pending,1385.44
ORD01829,CUST0278,Keyboard,1,1138.42,2025-07-06,East,Completed,1138.42
ORD01302,CUST0061,Mouse,4,637.32,2025-02-07,West,Unknown,2549.28
ORD00893,CUST0046,Charger,4,356.91,2025-04-12,North,Completed,1427.64
ORD00611,CUST0241,Webcam,2,1279.67,2025-05-06,South,Pending,2559.34
ORD01788,CUST0180,Laptop,3,1281.72,2025-07-22,North,Pending,3845.16
ORD00072,CUST0251,Mouse,4,1441.57,2025-06-12,South,Pending,5766.28
ORD00193,CUST0014,Keyboard,4,781.44,2025-08-22,North,Cancelled,3125.76
ORD01274,CUST0188,Headphones,1,373.87,2025-08-17,East,Unknown,373.87
ORD00035,CUST0271,Laptop,1,1227.49,2025-03-18,North,Pending,1227.49
ORD00387,CUST0135,Tablet,4,402.47,2025-08-03,North,Completed,1609.88
ORD00038,CUST0002,Webcam,2,959.3,2025-03-09,South,Completed,1918.6
ORD00057,CUST0227,Charger,5,674.41,2025-02-10,East,Completed,3372.05
ORD00896,CUST0244,Laptop,1,990.8,2025-05-17,North,Cancelled,990.8
ORD00755,CUST0035,Webcam,5,725.92,2025-04-22,South,Unknown,3629.6
ORD00904,CUST0127,Keyboard,3,856.69,2025-04-25,East,Unknown,2570.07
ORD01795,CUST0071,Headphones,4,1498.93,2025-03-13,East,Completed,5995.72
ORD01040,CUST0053,Keyboard,4,1426.09,2025-04-20,East,Pending,5704.36
ORD01935,CUST0237,Tablet,5,802.97,2025-04-09,South,Pending,4014.85
ORD01685,CUST0221,Laptop,1,792.51,2025-06-27,South,Pending,792.51
ORD01226,CUST0149,Keyboard,3,735.37,2025-01-17,North,Completed,2206.11
ORD01447,CUST0052,Monitor,5,735.97,2025-05-26,North,Completed,3679.85
ORD00416,CUST0028,Keyboard,2,1488.6,2025-03-29,North,Completed,2977.2
ORD00508,CUST0004,Mouse,5,20.72,2025-06-17,South,Cancelled,103.6
ORD01480,CUST0297,Mouse,2,1137.34,2025-01-31,South,Pending,2274.68
ORD00128,CUST0065,Monitor,1,1246.43,2025-05-22,North,Pending,1246.43
ORD00505,CUST0221,Charger,3,1313.49,2025-06-28,West,Pending,3940.47
ORD01977,CUST0296,Tablet,5,1076.08,2025-01-30,West,Pending,5380.4
ORD00631,CUST0045,Tablet,1,1036.09,2025-08-28,East,Completed,1036.09
ORD01510,CUST0206,Mouse,1,1112.09,2025-06-22,South,Completed,1112.09
ORD01588,CUST0050,Mouse,1,41.98,2025-08-24,East,Completed,41.98
ORD01822,CUST0218,Headphones,1,1208.84,2025-05-31,South,Completed,1208.84
ORD01735,CUST0038,Webcam,3,182.15,2025-08-20,West,Completed,546.45
ORD00661,CUST0077,Tablet,5,444.34,2025-06-07,West,Pending,2221.7
ORD01907,CUST0227,Charger,1,224.04,2025-07-06,South,Unknown,224.04
ORD00796,CUST0010,Keyboard,5,753.81,2025-06-19,West,Cancelled,3769.05
ORD00218,CUST0299,Headphones,1,1309.43,2025-06-11,North,Completed,1309.43
ORD00397,CUST0160,Headphones,4,1288.77,2025-06-25,East,Pending,5155.08
ORD00882,CUST0180,Headphones,3,1003.71,2025-07-28,North,Unknown,3011.13
ORD01442,CUST0035,Headphones,5,1442.87,2025-08-05,North,Completed,7214.35
ORD00977,CUST0225,Keyboard,4,1232.44,2025-08-04,South,Completed,4929.76
ORD00805,CUST0200,Monitor,4,334.83,2025-01-28,South,Cancelled,1339.32
ORD00480,CUST0130,Monitor,1,280.22,2025-07-24,East,Completed,280.22
ORD00413,CUST0133,Keyboard,1,1350.39,2025-06-17,South,Cancelled,1350.39
ORD01049,CUST0161,Mouse,1,201.94,2025-02-22,South,Completed,201.94
ORD01811,CUST0189,Webcam,4,574.3,2025-05-13,East,Completed,2297.2
ORD00351,CUST0044,Mouse,5,208.94,2025-07-29,North,Pending,1044.7
ORD00745,CUST0143,Monitor,1,134.55,2025-08-06,South,Unknown,134.55
ORD00562,CUST0058,Monitor,1,656.9,2025-01-04,East,Cancelled,656.9
ORD01951,CUST0009,Headphones,2,1048.72,2025-06-14,East,Completed,2097.44
ORD01817,CUST0249,Charger,2,1479.87,2025-05-22,South,Pending,2959.74
ORD01826,CUST0281,Tablet,1,212.22,2025-07-08,South,Cancelled,212.22
ORD00340,CUST0138,Mouse,1,509.17,2025-04-20,North,Completed,509.17
ORD01158,CUST0209,Headphones,5,1086.21,2025-04-26,South,Completed,5431.05
ORD00260,CUST0171,Headphones,1,325.59,2025-02-18,North,Unknown,325.59
ORD01956,CUST0262,Webcam,1,1340.82,2025-03-13,South,Cancelled,1340.82
ORD00870,CUST0044,Headphones,3,1075.65,2025-04-17,South,Unknown,3226.95
ORD01875,CUST0110,Charger,3,918.52,2025-03-30,North,Completed,2755.56
ORD00789,CUST0276,Webcam,1,696.75,2025-08-10,North,Pending,696.75
ORD01279,CUST0023,Monitor,2,575.2,2025-06-18,North,Completed,1150.4
ORD01418,CUST0215,Headphones,3,1158.04,2025-06-11,South,Unknown,3474.12
ORD00059,CUST0277,Mouse,2,234.74,2025-04-09,South,Unknown,469.48
ORD00326,CUST0062,Charger,1,206.94,2025-01-19,West,Completed,206.94
ORD01535,CUST0121,Webcam,5,542.04,2025-06-27,East,Unknown,2710.2
ORD01584,CUST0241,Mouse,5,981.83,2025-03-18,West,Completed,4909.15
ORD00741,CUST0155,Mouse,1,612.8,2025-05-08,West,Cancelled,612.8
ORD00682,CUST0222,Headphones,3,412.79,2025-07-25,East,Unknown,1238.37
ORD01807,CUST0216,Headphones,1,911.83,2025-01-01,West,Pending,911.83
ORD00859,CUST0148,Monitor,4,522.33,2025-03-01,South,Pending,2089.32
ORD01310,CUST0261,Charger,3,490.97,2025-03-23,South,Completed,1472.91
ORD00279,CUST0231,Tablet,2,540.16,2025-08-29,West,Pending,1080.32
ORD00670,CUST0020,Tablet,1,559.18,2025-05-29,South,Completed,559.18
ORD00929,CUST0006,Tablet,4,701.67,2025-04-20,North,Completed,2806.68
ORD01344,CUST0121,Webcam,4,1066.21,2025-05-12,East,Unknown,4264.84
ORD00008,CUST0088,Monitor,2,698.77,2025-03-11,South,Pending,1397.54
ORD01820,CUST0295,Keyboard,1,750.58,2025-05-16,South,Completed,750.58
ORD00201,CUST0083,Webcam,1,345.95,2025-08-29,East,Completed,345.95
ORD01421,CUST0298,Charger,4,621.34,2025-06-12,North,Pending,2485.36
ORD01026,CUST0064,Keyboard,5,953.99,2025-05-06,East,Unknown,4769.95
ORD01319,CUST0019,Laptop,2,213.94,2025-04-07,South,Pending,427.88
ORD00143,CUST0159,Webcam,3,19.1,2025-08-11,North,Unknown,57.3
ORD01596,CUST0101,Webcam,3,1070.0,2025-07-21,East,Pending,3210.0
ORD00021,CUST0031,Monitor,1,1359.08,2025-08-09,North,Pending,1359.08
ORD01239,CUST0080,Headphones,1,473.23,2025-08-28,East,Completed,473.23
ORD00207,CUST0164,Webcam,4,204.84,2025-04-05,North,Completed,819.36
ORD01514,CUST0250,Headphones,2,789.03,2025-01-23,North,Pending,1578.06
ORD00900,CUST0031,Webcam,2,50.49,2025-01-15,West,Completed,100.98
ORD01375,CUST0116,Monitor,3,1326.52,2025-02-15,East,Unknown,3979.56
ORD00451,CUST0054,Charger,1,904.81,2025-08-14,North,Completed,904.81
ORD01124,CUST0071,Mouse,1,1058.9,2025-04-07,North,Unknown,1058.9
ORD00849,CUST0003,Charger,1,29.82,2025-06-17,West,Unknown,29.82
ORD01451,CUST0250,Laptop,3,1341.12,2025-05-11,West,Pending,4023.36
ORD01699,CUST0168,Headphones,4,772.05,2025-04-09,North,Unknown,3088.2
ORD00362,CUST0018,Monitor,1,449.71,2025-04-16,West,Completed,449.71
ORD01150,CUST0163,Webcam,5,734.58,2025-06-29,West,Completed,3672.9
ORD00688,CUST0166,Headphones,2,1173.29,2025-03-12,West,Completed,2346.58
ORD01222,CUST0296,Charger,3,317.4,2025-01-23,West,Unknown,952.2
ORD00456,CUST0274,Headphones,4,1214.37,2025-05-14,North,Completed,4857.48
ORD01424,CUST0083,Tablet,3,1087.36,2025-03-03,West,Unknown,3262.08
ORD01968,CUST0091,Keyboard,3,725.32,2025-03-24,South,Cancelled,2175.96
ORD01667,CUST0082,Keyboard,2,1238.78,2025-04-12,East,Completed,2477.56
ORD00702,CUST0089,Laptop,3,1232.9,2025-01-25,North,Pending,3698.7
ORD01470,CUST0286,Mouse,5,245.75,2025-05-12,North,Completed,1228.75
ORD01168,CUST0213,Monitor,1,1351.28,2025-04-17,North,Completed,1351.28
ORD00588,CUST0077,Webcam,5,1049.68,2025-02-09,South,Unknown,5248.4
ORD01297,CUST0271,Laptop,5,713.77,2025-05-15,West,Cancelled,3568.85
ORD01123,CUST0072,Headphones,4,224.77,2025-08-07,West,Pending,899.08
ORD01406,CUST0041,Charger,1,1192.53,2025-05-27,East,Pending,1192.53
ORD01852,CUST0194,Mouse,2,625.33,2025-07-24,North,Pending,1250.66
ORD00442,CUST0236,Tablet,5,677.67,2025-08-08,West,Cancelled,3388.35
ORD01792,CUST0004,Webcam,4,136.99,2025-08-04,North,Pending,547.96
ORD01234,CUST0216,Mouse,2,926.66,2025-03-19,North,Pending,1853.32
ORD00557,CUST0191,Tablet,1,1189.22,2025-03-26,East,Pending,1189.22
ORD01738,CUST0239,Webcam,2,700.32,2025-04-17,South,Pending,1400.64
ORD01798,CUST0171,Webcam,1,282.1,2025-02-24,East,Completed,282.1
ORD00052,CUST0087,Mouse,3,778.02,2025-06-12,East,Completed,2334.06
ORD00037,CUST0259,Tablet,3,1358.95,2025-08-05,North,Unknown,4076.85
ORD00946,CUST0251,Monitor,1,131.3,2025-05-01,North,Completed,131.3
ORD01890,CUST0085,Charger,5,1062.18,2025-06-09,West,Pending,5310.9
ORD01179,CUST0006,Keyboard,1,855.27,2025-06-05,North,Cancelled,855.27
ORD01877,CUST0072,Charger,2,264.2,2025-07-05,South,Pending,528.4
ORD01930,CUST0065,Laptop,3,1199.59,2025-06-04,South,Pending,3598.77
ORD01689,CUST0095,Charger,1,843.9,2025-03-01,South,Cancelled,843.9
ORD01969,CUST0070,Charger,2,1295.48,2025-01-09,South,Pending,2590.96
ORD00846,CUST0258,Laptop,1,1113.37,2025-04-29,East,Pending,1113.37
ORD00607,CUST0075,Keyboard,3,111.04,2025-05-17,North,Pending,333.12
ORD01349,CUST0191,Headphones,4,699.69,2025-08-28,South,Unknown,2798.76
ORD01191,CUST0039,Charger,1,1136.74,2025-03-23,South,Pending,1136.74
ORD01913,CUST0041,Tablet,1,315.33,2025-08-19,South,Completed,315.33
ORD01741,CUST0260,Keyboard,1,1488.23,2025-02-07,South,Pending,1488.23
ORD00638,CUST0029,Headphones,5,1090.2,2025-03-22,North,Completed,5451.0
ORD01579,CUST0090,Charger,3,1324.09,2025-04-05,North,Completed,3972.27
ORD01261,CUST0129,Charger,1,543.28,2025-08-12,East,Completed,543.28
ORD01270,CUST0122,Monitor,1,887.04,2025-02-28,South,Pending,887.04
ORD00147,CUST0146,Tablet,5,1004.03,2025-01-12,West,Pending,5020.15
ORD00411,CUST0293,Monitor,3,1092.56,2025-02-26,North,Unknown,3277.68
ORD00919,CUST0268,Headphones,2,1273.02,2025-01-06,South,Pending,2546.04
ORD01318,CUST0038,Webcam,1,655.73,2025-08-27,East,Pending,655.73
ORD00667,CUST0074,Tablet,1,660.74,2025-02-04,South,Unknown,660.74
ORD01202,CUST0144,Webcam,1,729.23,2025-01-24,East,Cancelled,729.23
ORD00301,CUST0096,Charger,4,53.5,2025-06-07,West,Pending,214.0
ORD00889,CUST0192,Headphones,3,734.03,2025-07-22,South,Pending,2202.09
ORD01908,CUST0254,Tablet,4,902.27,2025-04-11,North,Unknown,3609.08
ORD00230,CUST0282,Keyboard,4,982.81,2025-08-14,West,Unknown,3931.24
ORD01553,CUST0188,Keyboard,2,1440.98,2025-05-06,East,Completed,2881.96
ORD01832,CUST0099,Keyboard,2,358.99,2025-01-12,South,Pending,717.98
ORD00695,CUST0047,Webcam,5,1281.48,2025-03-29,East,Completed,6407.4
ORD01355,CUST0197,Webcam,5,1160.25,2025-06-01,East,Unknown,5801.25
ORD01481,CUST0213,Monitor,2,1477.88,2025-07-24,East,Completed,2955.76
ORD00722,CUST0023,Laptop,4,1102.88,2025-05-10,West,Pending,4411.52
ORD00475,CUST0258,Mouse,3,1182.47,2025-03-19,North,Cancelled,3547.41
ORD01676,CUST0276,Mouse,4,1036.0,2025-06-08,South,Completed,4144.0
ORD00738,CUST0148,Laptop,2,536.15,2025-04-27,North,Pending,1072.3
ORD01166,CUST0233,Charger,1,301.38,2025-05-01,East,Completed,301.38
ORD01242,CUST0280,Headphones,5,1025.17,2025-08-08,North,Completed,5125.85
ORD01497,CUST0204,Webcam,1,862.41,2025-05-04,South,Unknown,862.41
ORD00587,CUST0117,Laptop,1,1168.35,2025-04-08,East,Pending,1168.35
ORD00142,CUST0286,Laptop,5,1394.34,2025-08-01,East,Completed,6971.7
ORD00378,CUST0001,Laptop,4,662.95,2025-04-18,West,Completed,2651.8
ORD00398,CUST0227,Webcam,3,1095.91,2025-06-04,North,Pending,3287.73
ORD01912,CUST0068,Webcam,3,1075.23,2025-02-13,East,Completed,3225.69
ORD00238,CUST0134,Webcam,1,362.09,2025-06-20,West,Cancelled,362.09
ORD01157,CUST0166,Webcam,1,234.25,2025-04-28,West,Cancelled,234.25
ORD00563,CUST0125,Laptop,1,875.8,2025-06-26,South,Pending,875.8
ORD01991,CUST0070,Webcam,1,1116.44,2025-05-16,South,Pending,1116.44
ORD01911,CUST0012,Charger,5,1015.2,2025-03-09,South,Pending,5076.0
ORD01524,CUST0165,Charger,3,1173.64,2025-02-14,East,Completed,3520.92
ORD01892,CUST0292,Monitor,2,502.23,2025-01-27,North,Pending,1004.46
ORD00839,CUST0084,Charger,4,434.55,2025-07-12,South,Completed,1738.2
ORD01370,CUST0257,Keyboard,1,407.29,2025-02-14,North,Cancelled,407.29
ORD00559,CUST0128,Charger,4,378.27,2025-01-09,West,Unknown,1513.08
ORD01484,CUST0009,Headphones,1,974.57,2025-03-24,South,Pending,974.57
ORD00263,CUST0164,Monitor,3,476.25,2025-01-12,East,Pending,1428.75
ORD01085,CUST0062,Keyboard,4,67.17,2025-02-19,West,Completed,268.68
ORD00368,CUST0184,Laptop,1,1053.84,2025-05-26,South,Pending,1053.84
ORD00455,CUST0060,Webcam,5,725.75,2025-05-27,South,Completed,3628.75
ORD01197,CUST0192,Mouse,1,343.78,2025-07-31,South,Completed,343.78
ORD00285,CUST0223,Headphones,4,456.63,2025-07-20,East,Cancelled,1826.52
ORD01897,CUST0288,Laptop,3,1243.74,2025-08-18,West,Unknown,3731.22
ORD00180,CUST0260,Laptop,4,1311.26,2025-01-12,West,Cancelled,5245.04
ORD01247,CUST0072,Tablet,1,692.94,2025-01-03,East,Pending,692.94
ORD00489,CUST0115,Headphones,2,702.4,2025-05-11,West,Cancelled,1404.8
ORD01126,CUST0040,Laptop,5,1248.29,2025-04-17,East,Pending,6241.45
ORD00432,CUST0161,Charger,1,182.69,2025-08-06,North,Pending,182.69
ORD00736,CUST0119,Webcam,4,872.27,2025-06-17,East,Cancelled,3489.08
ORD00309,CUST0213,Tablet,4,259.21,2025-05-25,East,Pending,1036.84
ORD00300,CUST0125,Keyboard,5,248.6,2025-05-24,West,Pending,1243.0
ORD01199,CUST0027,Headphones,1,175.1,2025-03-19,East,Cancelled,175.1
ORD00864,CUST0117,Mouse,5,343.9,2025-03-08,East,Cancelled,1719.5
ORD01681,CUST0025,Headphones,5,185.33,2025-05-13,South,Completed,926.65
ORD00830,CUST0097,Keyboard,1,352.49,2025-01-10,East,Pending,352.49
ORD01731,CUST0068,Monitor,5,1253.08,2025-05-27,West,Pending,6265.4
ORD01138,CUST0020,Headphones,2,235.79,2025-04-29,South,Completed,471.58
ORD01562,CUST0170,Keyboard,4,1241.59,2025-04-06,North,Pending,4966.36
ORD01152,CUST0186,Charger,4,328.0,2025-02-24,East,Unknown,1312.0
ORD01343,CUST0209,Laptop,3,1038.69,2025-07-13,East,Completed,3116.07
ORD00529,CUST0262,Headphones,4,340.92,2025-05-28,North,Pending,1363.68
ORD01721,CUST0149,Monitor,4,904.65,2025-05-01,South,Pending,3618.6
ORD00439,CUST0128,Tablet,3,998.93,2025-06-14,South,Pending,2996.79
ORD01063,CUST0074,Charger,5,1105.78,2025-01-14,South,Cancelled,5528.9
ORD00117,CUST0187,Keyboard,1,1365.35,2025-03-25,West,Pending,1365.35
ORD01714,CUST0197,Monitor,5,928.28,2025-02-11,North,Unknown,4641.4
ORD01187,CUST0262,Headphones,5,620.61,2025-06-04,North,Cancelled,3103.05
ORD00005,CUST0236,Mouse,4,127.41,2025-03-17,North,Cancelled,509.64
ORD01992,CUST0110,Laptop,3,862.11,2025-04-21,East,Pending,2586.33
ORD00047,CUST0161,Charger,5,1476.51,2025-01-30,North,Pending,7382.55
ORD00299,CUST0154,Laptop,1,181.48,2025-08-06,South,Completed,181.48
ORD01917,CUST0221,Headphones,3,1492.44,2025-03-02,South,Unknown,4477.32
ORD00676,CUST0141,Headphones,1,1114.73,2025-06-04,North,Unknown,1114.73
ORD01518,CUST0290,Charger,5,783.26,2025-08-25,West,Completed,3916.3
ORD00420,CUST0272,Monitor,1,1018.35,2025-06-10,South,Pending,1018.35
ORD00341,CUST0040,Tablet,4,771.07,2025-01-15,East,Pending,3084.28
ORD01652,CUST0199,Webcam,4,1476.5,2025-06-04,West,Completed,5906.0
ORD00614,CUST0195,Webcam,4,921.14,2025-07-10,North,Pending,3684.56
ORD00518,CUST0103,Laptop,1,1058.4,2025-08-24,North,Cancelled,1058.4
ORD01322,CUST0299,Monitor,1,529.57,2025-05-16,South,Cancelled,529.57
ORD01045,CUST0294,Tablet,3,1043.65,2025-01-25,South,Completed,3130.95
ORD00195,CUST0228,Mouse,1,1451.67,2025-03-23,East,Unknown,1451.67
ORD01410,CUST0167,Monitor,1,920.97,2025-07-06,North,Completed,920.97
ORD01737,CUST0072,Headphones,4,374.29,2025-01-05,West,Cancelled,1497.16
ORD00572,CUST0055,Tablet,2,157.14,2025-05-27,East,Completed,314.28
ORD01666,CUST0085,Laptop,3,764.47,2025-08-09,South,Pending,2293.41
ORD00375,CUST0001,Charger,5,58.25,2025-06-04,East,Pending,291.25
ORD01382,CUST0240,Keyboard,1,664.12,2025-06-07,North,Pending,664.12
ORD00114,CUST0152,Headphones,1,1467.14,2025-06-18,East,Completed,1467.14
ORD01840,CUST0058,Tablet,4,1364.91,2025-05-29,South,Pending,5459.64
ORD00427,CUST0071,Charger,1,772.26,2025-06-08,East,Completed,772.26
ORD01184,CUST0144,Charger,1,879.64,2025-07-16,East,Pending,879.64
ORD01543,CUST0092,Keyboard,1,977.62,2025-05-07,North,Cancelled,977.62
ORD00424,CUST0188,Laptop,4,1316.05,2025-03-07,North,Completed,5264.2
ORD00621,CUST0262,Keyboard,4,830.02,2025-01-12,East,Pending,3320.08
ORD01546,CUST0042,Webcam,4,1130.2,2025-05-15,North,Pending,4520.8
ORD00110,CUST0290,Keyboard,2,270.85,2025-06-06,North,Unknown,541.7
ORD00834,CUST0127,Tablet,1,150.51,2025-03-26,East,Unknown,150.51
ORD01821,CUST0284,Charger,5,518.53,2025-05-04,South,Completed,2592.65
ORD01012,CUST0291,Monitor,2,309.4,2025-07-11,East,Pending,618.8
ORD01895,CUST0214,Laptop,1,668.56,2025-07-11,East,Pending,668.56
ORD01853,CUST0026,Webcam,3,1234.15,2025-07-20,West,Unknown,3702.45
ORD01193,CUST0011,Headphones,1,969.06,2025-08-08,North,Completed,969.06
ORD01280,CUST0179,Laptop,5,1134.17,2025-03-28,East,Pending,5670.85
ORD00312,CUST0112,Charger,1,1106.62,2025-06-17,East,Completed,1106.62
ORD00096,CUST0278,Tablet,4,90.76,2025-05-13,North,Completed,363.04
ORD00973,CUST0112,Tablet,4,1488.66,2025-05-22,East,Completed,5954.64
ORD01450,CUST0175,Headphones,1,846.28,2025-03-21,West,Completed,846.28
ORD00020,CUST0127,Monitor,1,513.75,2025-05-31,South,Pending,513.75
ORD00706,CUST0085,Tablet,2,1389.26,2025-01-11,North,Unknown,2778.52
ORD01065,CUST0118,Headphones,1,1288.3,2025-03-20,East,Cancelled,1288.3
ORD01813,CUST0141,Charger,1,385.65,2025-04-21,South,Completed,385.65
ORD00331,CUST0014,Headphones,2,781.45,2025-05-11,South,Completed,1562.9
ORD01298,CUST0151,Monitor,3,372.18,2025-07-16,South,Completed,1116.54
ORD01622,CUST0166,Tablet,5,441.09,2025-03-02,West,Pending,2205.45
ORD01635,CUST0161,Mouse,3,689.36,2025-02-20,North,Completed,2068.08
ORD01169,CUST0266,Webcam,3,263.91,2025-05-27,South,Pending,791.73
ORD01883,CUST0109,Mouse,2,1153.72,2025-03-07,East,Completed,2307.44
ORD00223,CUST0273,Webcam,5,537.89,2025-07-17,South,Unknown,2689.45
ORD00825,CUST0024,Laptop,3,761.77,2025-04-08,West,Unknown,2285.31
ORD01224,CUST0142,Headphones,2,71.24,2025-05-14,East,Pending,142.48
ORD01096,CUST0098,Charger,4,1030.19,2025-08-11,North,Pending,4120.76
ORD00729,CUST0035,Monitor,2,1472.06,2025-03-03,North,Unknown,2944.12
ORD00112,CUST0148,Keyboard,1,668.18,2025-03-30,East,Unknown,668.18
ORD00699,CUST0231,Laptop,1,515.53,2025-03-28,North,Completed,515.53
ORD00464,CUST0080,Laptop,2,1393.66,2025-06-02,East,Unknown,2787.32
ORD00359,CUST0044,Headphones,1,42.48,2025-01-17,South,Completed,42.48
ORD01154,CUST0110,Headphones,2,1247.52,2025-01-24,East,Cancelled,2495.04
ORD00314,CUST0220,Keyboard,5,217.46,2025-02-22,East,Completed,1087.3
ORD00288,CUST0103,Tablet,3,274.68,2025-04-12,East,Unknown,824.04
ORD01257,CUST0185,Charger,5,824.41,2025-01-19,South,Unknown,4122.05
ORD01986,CUST0179,Laptop,1,461.16,2025-05-03,South,Unknown,461.16
ORD01034,CUST0111,Tablet,3,1059.17,2025-04-07,East,Cancelled,3177.51
ORD00752,CUST0252,Laptop,3,1253.53,2025-03-19,North,Unknown,3760.59
ORD00342,CUST0053,Mouse,2,1113.76,2025-01-01,East,Completed,2227.52
ORD00472,CUST0079,Laptop,4,1078.13,2025-01-10,North,Completed,4312.52
ORD00769,CUST0276,Laptop,1,157.04,2025-02-24,East,Unknown,157.04
ORD00650,CUST0201,Keyboard,1,898.22,2025-06-01,East,Unknown,898.22
ORD01649,CUST0105,Keyboard,1,72.07,2025-07-25,South,Pending,72.07
ORD01387,CUST0158,Mouse,2,361.91,2025-02-22,North,Unknown,723.82
ORD00354,CUST0161,Charger,1,808.53,2025-07-17,West,Cancelled,808.53
ORD00502,CUST0036,Monitor,4,584.34,2025-01-28,South,Pending,2337.36
ORD01923,CUST0279,Charger,4,1024.31,2025-01-31,West,Unknown,4097.24
ORD00838,CUST0281,Charger,1,604.3,2025-02-15,East,Completed,604.3
ORD00018,CUST0273,Keyboard,2,993.03,2025-05-21,East,Pending,1986.06
ORD01970,CUST0233,Charger,1,835.16,2025-07-06,West,Completed,835.16
ORD01758,CUST0043,Mouse,1,132.64,2025-07-08,South,Pending,132.64
ORD00393,CUST0007,Charger,1,627.52,2025-02-07,North,Pending,627.52
ORD00526,CUST0256,Monitor,2,1105.79,2025-08-12,South,Pending,2211.58
ORD00352,CUST0067,Monitor,3,398.88,2025-03-22,South,Unknown,1196.64
ORD01017,CUST0162,Monitor,3,1000.97,2025-04-07,North,Cancelled,3002.91
ORD00831,CUST0254,Laptop,4,541.21,2025-07-01,West,Completed,2164.84
ORD01241,CUST0259,Tablet,4,92.92,2025-02-01,West,Completed,371.68
ORD00807,CUST0143,Keyboard,3,718.08,2025-04-05,North,Unknown,2154.24
ORD01871,CUST0259,Tablet,3,1487.22,2025-01-25,North,Completed,4461.66
ORD00055,CUST0055,Charger,2,272.07,2025-06-28,West,Completed,544.14
ORD00264,CUST0284,Charger,3,237.09,2025-03-26,West,Pending,711.27
ORD00102,CUST0297,Tablet,2,675.36,2025-05-04,East,Pending,1350.72
ORD00276,CUST0204,Mouse,3,252.05,2025-03-03,East,Completed,756.15
ORD00287,CUST0169,Tablet,3,651.62,2025-07-30,North,Pending,1954.86
ORD01117,CUST0040,Laptop,2,1168.9,2025-02-07,South,Completed,2337.8
ORD00250,CUST0118,Monitor,4,525.78,2025-03-12,South,Completed,2103.12
ORD01761,CUST0021,Laptop,2,1186.42,2025-08-18,East,Completed,2372.84
ORD00579,CUST0181,Webcam,5,1487.28,2025-03-25,West,Unknown,7436.4
ORD01975,CUST0277,Monitor,3,838.36,2025-03-20,West,Completed,2515.08
ORD00705,CUST0024,Keyboard,3,104.2,2025-03-12,East,Completed,312.6
ORD00345,CUST0027,Keyboard,2,1208.46,2025-01-12,North,Completed,2416.92
ORD01655,CUST0217,Webcam,1,427.17,2025-06-17,East,Completed,427.17
ORD00654,CUST0244,Mouse,3,723.19,2025-08-05,East,Cancelled,2169.57
ORD01170,CUST0202,Laptop,5,649.36,2025-08-29,West,Unknown,3246.8
ORD00575,CUST0137,Laptop,1,114.88,2025-03-19,South,Pending,114.88
ORD01846,CUST0300,Mouse,1,1035.06,2025-05-04,West,Pending,1035.06
ORD00061,CUST0295,Charger,4,18.79,2025-04-01,East,Completed,75.16
ORD01305,CUST0199,Charger,3,199.9,2025-06-28,South,Unknown,599.7
ORD00604,CUST0116,Keyboard,3,1346.79,2025-06-18,North,Unknown,4040.37
ORD00541,CUST0208,Mouse,1,251.38,2025-02-28,East,Unknown,251.38
ORD01945,CUST0014,Tablet,5,401.65,2025-04-09,East,Completed,2008.25
ORD00364,CUST0184,Tablet,5,1174.34,2025-03-30,North,Cancelled,5871.7
ORD01180,CUST0280,Laptop,2,787.41,2025-03-07,South,Pending,1574.82
ORD00211,CUST0145,Tablet,5,1324.69,2025-06-17,West,Cancelled,6623.45
ORD00282,CUST0045,Keyboard,4,678.78,2025-05-23,West,Completed,2715.12
ORD01459,CUST0192,Laptop,3,646.97,2025-04-08,North,Pending,1940.91
ORD01979,CUST0240,Tablet,1,177.64,2025-05-06,East,Cancelled,177.64
ORD00453,CUST0263,Headphones,1,826.23,2025-03-22,South,Pending,826.23
ORD01380,CUST0240,Webcam,3,850.02,2025-06-18,North,Cancelled,2550.06
ORD01677,CUST0250,Mouse,4,385.71,2025-01-24,South,Unknown,1542.84
ORD01823,CUST0290,Webcam,1,576.08,2025-06-09,South,Cancelled,576.08
ORD01620,CUST0173,Monitor,1,751.01,2025-02-10,East,Pending,751.01
ORD01021,CUST0205,Mouse,3,647.6,2025-08-27,South,Unknown,1942.8
ORD00716,CUST0113,Mouse,4,881.79,2025-01-14,South,Pending,3527.16
ORD00985,CUST0235,Monitor,1,990.36,2025-03-13,North,Cancelled,990.36
ORD01147,CUST0030,Monitor,1,1233.64,2025-01-03,East,Completed,1233.64
ORD01742,CUST0112,Webcam,1,678.05,2025-03-27,West,Cancelled,678.05
ORD00029,CUST0030,Laptop,5,720.41,2025-08-24,South,Completed,3602.05
ORD01623,CUST0158,Keyboard,3,949.38,2025-06-25,West,Pending,2848.14
ORD00624,CUST0256,Laptop,5,1325.23,2025-03-02,North,Unknown,6626.15
ORD00360,CUST0170,Mouse,1,1414.0,2025-01-13,North,Completed,1414.0
ORD01948,CUST0171,Monitor,3,1192.24,2025-01-23,South,Completed,3576.72
ORD01856,CUST0285,Laptop,3,942.11,2025-03-08,South,Pending,2826.33
ORD00225,CUST0251,Webcam,4,529.72,2025-08-28,East,Cancelled,2118.88
ORD00763,CUST0061,Monitor,2,1286.65,2025-02-06,South,Cancelled,2573.3
ORD00466,CUST0082,Charger,5,810.18,2025-01-24,South,Pending,4050.9
ORD01557,CUST0148,Laptop,5,1248.57,2025-02-18,East,Pending,6242.85
ORD01500,CUST0050,Webcam,5,401.67,2025-07-20,West,Unknown,2008.35
ORD01133,CUST0123,Headphones,2,816.94,2025-01-17,North,Completed,1633.88
ORD01444,CUST0234,Keyboard,1,1469.27,2025-03-10,East,Completed,1469.27
ORD00801,CUST0015,Headphones,3,991.42,2025-02-15,East,Completed,2974.26
ORD01628,CUST0262,Mouse,4,1127.79,2025-06-09,North,Pending,4511.16
ORD01516,CUST0261,Webcam,4,1003.8,2025-03-06,North,Completed,4015.2
ORD01189,CUST0063,Laptop,3,1035.56,2025-07-03,South,Completed,3106.68
ORD00187,CUST0043,Charger,1,651.6,2025-07-30,North,Cancelled,651.6
ORD01135,CUST0248,Laptop,1,478.72,2025-03-21,East,Cancelled,478.72
ORD00913,CUST0228,Mouse,3,1458.34,2025-04-07,East,Completed,4375.02
ORD00152,CUST0055,Monitor,4,887.42,2025-05-15,West,Cancelled,3549.68
ORD00216,CUST0077,Keyboard,3,1397.74,2025-03-23,West,Pending,4193.22
ORD00099,CUST0237,Mouse,1,1249.89,2025-05-08,East,Pending,1249.89
ORD01047,CUST0011,Charger,5,1228.02,2025-07-20,West,Completed,6140.1
ORD01232,CUST0237,Keyboard,4,1175.78,2025-08-02,North,Pending,4703.12
ORD01248,CUST0179,Charger,5,103.52,2025-06-17,East,Unknown,517.6
ORD01420,CUST0205,Headphones,1,803.67,2025-03-27,South,Pending,803.67
ORD01753,CUST0113,Monitor,4,1358.71,2025-08-26,South,Pending,5434.84
ORD00013,CUST0033,Charger,4,897.87,2025-04-30,East,Pending,3591.48
ORD00636,CUST0203,Laptop,2,299.08,2025-08-02,South,Completed,598.16
ORD01432,CUST0125,Tablet,2,404.12,2025-03-26,South,Completed,808.24
ORD00168,CUST0085,Tablet,1,622.18,2025-06-23,South,Completed,622.18
ORD00718,CUST0292,Laptop,3,213.39,2025-08-07,West,Completed,640.17
ORD01183,CUST0254,Charger,5,1420.06,2025-08-25,East,Pending,7100.3
ORD00189,CUST0181,Charger,3,962.81,2025-07-22,North,Unknown,2888.43
ORD01507,CUST0001,Mouse,3,1065.43,2025-06-21,South,Unknown,3196.29
ORD01560,CUST0110,Mouse,4,1425.45,2025-08-17,South,Cancelled,5701.8
ORD00044,CUST0236,Webcam,3,1232.6,2025-08-12,South,Completed,3697.8
ORD01129,CUST0233,Headphones,5,757.79,2025-07-01,West,Pending,3788.95
ORD00010,CUST0162,Monitor,1,753.85,2025-08-15,West,Pending,753.85
ORD01381,CUST0005,Keyboard,4,718.49,2025-03-28,North,Pending,2873.96
ORD00148,CUST0109,Keyboard,3,441.28,2025-01-31,West,Unknown,1323.84
ORD01612,CUST0124,Laptop,1,1336.93,2025-06-24,East,Pending,1336.93
ORD00390,CUST0018,Keyboard,1,1424.39,2025-04-25,South,Pending,1424.39
ORD01694,CUST0186,Monitor,3,615.52,2025-07-12,North,Cancelled,1846.56
ORD01317,CUST0041,Monitor,1,120.78,2025-02-10,East,Cancelled,120.78
ORD01003,CUST0179,Tablet,1,1035.85,2025-06-28,South,Completed,1035.85
ORD01550,CUST0091,Keyboard,4,55.21,2025-01-10,East,Completed,220.84
ORD01016,CUST0267,Headphones,4,715.12,2025-03-28,West,Cancelled,2860.48
ORD01759,CUST0078,Laptop,1,712.1,2025-01-09,East,Cancelled,712.1
ORD00758,CUST0040,Monitor,1,283.04,2025-01-25,East,Pending,283.04
ORD01964,CUST0189,Headphones,2,1425.06,2025-01-18,South,Pending,2850.12
ORD00471,CUST0110,Charger,1,316.31,2025-08-01,South,Completed,316.31
ORD00620,CUST0084,Mouse,1,180.11,2025-04-26,East,Completed,180.11
ORD00603,CUST0257,Headphones,1,942.43,2025-08-13,East,Completed,942.43
ORD00749,CUST0218,Charger,2,1254.91,2025-06-03,South,Pending,2509.82
ORD01600,CUST0155,Charger,2,1357.76,2025-04-08,North,Unknown,2715.52
ORD00639,CUST0182,Mouse,2,427.89,2025-01-08,West,Unknown,855.78
ORD00759,CUST0155,Headphones,1,1049.97,2025-04-03,North,Pending,1049.97
ORD00515,CUST0267,Headphones,1,1445.66,2025-01-15,South,Completed,1445.66
ORD01805,CUST0281,Monitor,1,650.29,2025-06-06,West,Pending,650.29
ORD01660,CUST0144,Headphones,1,723.97,2025-07-25,North,Unknown,723.97
ORD01847,CUST0014,Keyboard,3,476.14,2025-06-22,East,Pending,1428.42
ORD01196,CUST0025,Charger,3,1047.72,2025-04-27,East,Unknown,3143.16
ORD00937,CUST0254,Monitor,1,961.76,2025-06-27,West,Pending,961.76
ORD00026,CUST0277,Laptop,1,1390.29,2025-08-06,South,Completed,1390.29
ORD00659,CUST0208,Mouse,5,172.03,2025-07-28,East,Completed,860.15
ORD01498,CUST0208,Tablet,2,685.26,2025-03-09,West,Completed,1370.52
ORD01035,CUST0116,Laptop,2,1286.6,2025-07-06,East,Unknown,2573.2
ORD01253,CUST0129,Mouse,1,1271.73,2025-01-19,East,Cancelled,1271.73
ORD00116,CUST0129,Keyboard,1,154.77,2025-06-10,North,Cancelled,154.77
ORD00025,CUST0217,Keyboard,3,699.32,2025-08-12,West,Pending,2097.96
ORD00371,CUST0166,Laptop,1,230.09,2025-06-30,East,Completed,230.09
ORD00931,CUST0100,Keyboard,1,768.26,2025-04-01,West,Unknown,768.26
ORD01855,CUST0009,Keyboard,2,106.13,2025-03-10,North,Completed,212.26
ORD00612,CUST0008,Headphones,4,341.61,2025-06-21,East,Pending,1366.44
ORD01125,CUST0055,Mouse,4,1257.78,2025-08-11,North,Pending,5031.12
ORD00454,CUST0149,Webcam,1,207.68,2025-07-01,South,Pending,207.68
ORD00097,CUST0105,Headphones,5,205.21,2025-03-15,South,Completed,1026.05
ORD00591,CUST0287,Monitor,4,599.03,2025-05-27,North,Pending,2396.12
ORD01489,CUST0209,Laptop,5,571.78,2025-06-03,North,Pending,2858.9
ORD01488,CUST0136,Webcam,1,1177.07,2025-03-26,West,Completed,1177.07
ORD00100,CUST0248,Tablet,2,690.61,2025-02-07,South,Pending,1381.22
ORD01549,CUST0177,Mouse,1,1369.8,2025-06-03,North,Pending,1369.8
ORD01536,CUST0066,Mouse,5,1065.45,2025-05-18,North,Pending,5327.25
ORD01364,CUST0141,Tablet,4,75.44,2025-06-28,East,Cancelled,301.76
ORD00358,CUST0072,Mouse,1,101.89,2025-07-19,South,Pending,101.89
ORD01114,CUST0058,Tablet,2,1486.24,2025-02-27,East,Cancelled,2972.48
ORD01052,CUST0161,Webcam,5,811.93,2025-02-23,North,Unknown,4059.65
ORD01797,CUST0048,Keyboard,5,908.33,2025-08-07,East,Completed,4541.65
ORD01994,CUST0286,Charger,1,791.98,2025-08-25,East,Completed,791.98
ORD00829,CUST0085,Webcam,1,1491.9,2025-07-15,North,Unknown,1491.9
ORD00692,CUST0200,Headphones,2,1053.08,2025-08-20,North,Completed,2106.16
ORD01924,CUST0255,Monitor,4,782.23,2025-07-26,East,Completed,3128.92
ORD01957,CUST0187,Webcam,1,1263.95,2025-03-15,North,Pending,1263.95
ORD00978,CUST0064,Charger,2,125.6,2025-07-15,South,Cancelled,251.2
ORD00271,CUST0182,Headphones,4,127.74,2025-04-14,North,Pending,510.96
ORD00119,CUST0059,Tablet,1,219.73,2025-02-27,South,Unknown,219.73
ORD01638,CUST0145,Webcam,5,1137.17,2025-01-11,North,Unknown,5685.85
ORD00118,CUST0188,Headphones,2,392.89,2025-07-31,East,Cancelled,785.78
ORD01216,CUST0243,Charger,3,41.03,2025-03-09,South,Unknown,123.09
ORD01966,CUST0157,Mouse,1,571.96,2025-01-03,North,Pending,571.96
ORD00501,CUST0299,Keyboard,5,992.88,2025-03-09,South,Unknown,4964.4
ORD00934,CUST0075,Laptop,2,765.59,2025-08-02,East,Completed,1531.18
ORD01362,CUST0098,Charger,3,276.72,2025-07-11,South,Completed,830.16
ORD01893,CUST0100,Keyboard,2,171.45,2025-08-03,East,Pending,342.9
ORD01122,CUST0105,Laptop,3,841.98,2025-02-04,North,Cancelled,2525.94
ORD00165,CUST0270,Mouse,1,1008.98,2025-05-11,North,Cancelled,1008.98
ORD00856,CUST0284,Headphones,1,736.37,2025-05-05,North,Unknown,736.37
ORD01528,CUST0287,Keyboard,4,931.52,2025-01-20,North,Completed,3726.08
ORD01869,CUST0025,Monitor,2,894.04,2025-06-11,South,Completed,1788.08
ORD01864,CUST0272,Laptop,2,1098.86,2025-04-05,North,Unknown,2197.72
ORD00877,CUST0276,Webcam,4,1090.4,2025-07-09,North,Pending,4361.6
ORD00379,CUST0193,Mouse,4,1185.21,2025-05-28,East,Unknown,4740.84
ORD00064,CUST0043,Charger,2,1301.61,2025-02-16,East,Completed,2603.22
ORD01118,CUST0245,Mouse,1,870.99,2025-07-06,South,Completed,870.99
ORD00719,CUST0152,Keyboard,1,1429.61,2025-08-20,North,Pending,1429.61
ORD00295,CUST0170,Charger,1,25.72,2025-03-08,North,Unknown,25.72
ORD01679,CUST0232,Monitor,5,621.8,2025-01-03,South,Pending,3109.0
ORD00316,CUST0049,Keyboard,4,1378.97,2025-03-12,South,Unknown,5515.88
ORD00131,CUST0065,Charger,5,179.34,2025-01-17,West,Cancelled,896.7
ORD00861,CUST0242,Keyboard,5,318.74,2025-06-26,North,Unknown,1593.7
ORD00190,CUST0082,Laptop,2,1274.52,2025-06-23,North,Pending,2549.04
ORD00028,CUST0285,Tablet,2,292.95,2025-02-25,North,Unknown,585.9
ORD00954,CUST0169,Headphones,3,1120.36,2025-07-16,East,Cancelled,3361.08
ORD00833,CUST0289,Monitor,5,1497.03,2025-01-02,East,Pending,7485.15
ORD01258,CUST0271,Tablet,2,1250.28,2025-05-27,North,Cancelled,2500.56
ORD01307,CUST0224,Headphones,4,1053.17,2025-07-07,South,Pending,4212.68
ORD00790,CUST0241,Laptop,3,572.83,2025-04-10,North,Completed,1718.49
ORD00770,CUST0095,Tablet,1,1437.04,2025-02-16,West,Completed,1437.04
ORD01611,CUST0203,Headphones,5,624.3,2025-06-13,South,Completed,3121.5
ORD01201,CUST0300,Charger,1,675.7,2025-02-01,North,Pending,675.7
ORD00267,CUST0039,Laptop,1,624.46,2025-08-04,South,Completed,624.46
ORD01540,CUST0221,Keyboard,4,330.65,2025-04-26,North,Unknown,1322.6
ORD00076,CUST0142,Laptop,5,1422.61,2025-01-22,South,Completed,7113.05
ORD01478,CUST0226,Mouse,4,47.88,2025-08-11,East,Unknown,191.52
ORD01423,CUST0190,Laptop,1,906.0,2025-07-22,West,Pending,906.0
ORD00740,CUST0106,Laptop,1,482.25,2025-03-30,East,Completed,482.25
ORD01334,CUST0194,Charger,2,1229.26,2025-08-13,East,Completed,2458.52
ORD01953,CUST0068,Tablet,1,414.81,2025-02-03,East,Pending,414.81
ORD01796,CUST0187,Mouse,4,469.49,2025-03-18,North,Completed,1877.96
ORD01309,CUST0261,Headphones,1,356.07,2025-05-07,North,Pending,356.07
ORD01348,CUST0268,Webcam,5,1335.42,2025-05-25,South,Pending,6677.1
ORD01899,CUST0076,Charger,1,406.4,2025-07-20,West,Pending,406.4
ORD00181,CUST0035,Webcam,2,1102.08,2025-06-10,East,Pending,2204.16
ORD01627,CUST0294,Monitor,1,893.32,2025-03-02,West,Pending,893.32
ORD00739,CUST0090,Keyboard,2,364.48,2025-01-11,North,Pending,728.96
ORD00842,CUST0219,Mouse,1,774.88,2025-04-29,South,Unknown,774.88
ORD00377,CUST0172,Tablet,1,405.17,2025-03-05,North,Cancelled,405.17
ORD00684,CUST0035,Laptop,4,155.57,2025-01-27,West,Cancelled,622.28
ORD00024,CUST0051,Laptop,4,1095.04,2025-07-24,South,Pending,4380.16
ORD00347,CUST0125,Tablet,3,891.62,2025-05-07,South,Pending,2674.86
ORD01687,CUST0244,Charger,5,1379.72,2025-08-21,North,Completed,6898.6
ORD00596,CUST0057,Headphones,4,712.07,2025-03-26,South,Pending,2848.28
ORD01768,CUST0155,Monitor,4,987.71,2025-04-04,West,Pending,3950.84
ORD00009,CUST0029,Monitor,1,1209.52,2025-04-13,North,Pending,1209.52
ORD00229,CUST0120,Laptop,1,625.82,2025-07-03,North,Unknown,625.82
ORD00490,CUST0085,Keyboard,4,247.24,2025-05-25,South,Pending,988.96
ORD00214,CUST0061,Keyboard,1,596.92,2025-07-23,North,Cancelled,596.92
ORD00869,CUST0104,Tablet,4,1156.14,2025-01-02,East,Completed,4624.56
ORD01083,CUST0262,Keyboard,2,428.9,2025-01-30,South,Pending,857.8
ORD00450,CUST0222,Tablet,5,1173.81,2025-08-22,South,Pending,5869.05
ORD01483,CUST0034,Charger,1,458.03,2025-06-29,South,Unknown,458.03
ORD00016,CUST0192,Keyboard,5,1430.71,2025-08-25,North,Pending,7153.55
ORD01517,CUST0125,Tablet,2,890.72,2025-06-20,North,Unknown,1781.44
ORD00685,CUST0099,Laptop,1,932.9,2025-01-15,South,Pending,932.9
ORD01996,CUST0180,Charger,1,1217.59,2025-07-08,North,Pending,1217.59
ORD01981,CUST0028,Monitor,2,66.11,2025-01-12,East,Pending,132.22
ORD01492,CUST0050,Tablet,4,1125.59,2025-08-07,South,Pending,4502.36
ORD00547,CUST0244,Tablet,5,1402.94,2025-05-21,South,Unknown,7014.7
ORD01192,CUST0024,Headphones,4,187.7,2025-04-26,North,Cancelled,750.8
ORD00644,CUST0019,Tablet,4,1073.38,2025-05-14,North,Cancelled,4293.52
ORD00355,CUST0047,Keyboard,1,463.28,2025-06-30,North,Completed,463.28
ORD00780,CUST0168,Keyboard,3,936.73,2025-01-25,South,Pending,2810.19
ORD00208,CUST0137,Tablet,2,219.91,2025-01-13,West,Pending,439.82
ORD01377,CUST0300,Charger,2,811.54,2025-02-23,West,Cancelled,1623.08
ORD01671,CUST0097,Laptop,5,1201.9,2025-05-07,North,Unknown,6009.5
ORD01697,CUST0039,Charger,5,56.06,2025-01-17,North,Unknown,280.3
ORD01467,CUST0133,Headphones,5,1124.0,2025-01-06,North,Unknown,5620.0
ORD01095,CUST0258,Laptop,2,902.74,2025-06-28,East,Completed,1805.48
ORD01206,CUST0232,Monitor,4,290.05,2025-03-13,South,Unknown,1160.2
ORD00732,CUST0273,Headphones,4,935.22,2025-07-24,South,Completed,3740.88
ORD00443,CUST0010,Mouse,4,624.38,2025-05-23,North,Completed,2497.52
ORD01862,CUST0207,Monitor,1,1016.87,2025-03-29,South,Pending,1016.87
ORD01786,CUST0143,Mouse,3,1185.61,2025-04-01,West,Pending,3556.83
ORD00537,CUST0131,Tablet,1,153.49,2025-07-10,East,Cancelled,153.49
ORD00349,CUST0001,Charger,1,1093.55,2025-01-27,North,Pending,1093.55
ORD00689,CUST0136,Keyboard,4,113.4,2025-08-26,North,Completed,453.6
ORD00404,CUST0110,Monitor,1,345.42,2025-02-22,South,Completed,345.42
ORD00363,CUST0215,Monitor,1,1328.13,2025-05-15,South,Pending,1328.13
ORD00027,CUST0206,Laptop,2,574.67,2025-04-10,East,Completed,1149.34
ORD01533,CUST0291,Monitor,4,287.23,2025-05-13,West,Unknown,1148.92
ORD01207,CUST0053,Keyboard,4,1315.53,2025-07-10,South,Completed,5262.12
ORD00178,CUST0256,Laptop,1,777.91,2025-03-03,South,Cancelled,777.91
ORD01989,CUST0236,Charger,4,1131.46,2025-02-05,North,Pending,4525.84
ORD01708,CUST0254,Tablet,5,879.54,2025-03-12,North,Completed,4397.7
ORD00984,CUST0119,Monitor,1,541.3,2025-02-14,West,Unknown,541.3
ORD00743,CUST0227,Webcam,1,177.35,2025-05-03,South,Unknown,177.35
ORD00253,CUST0120,Webcam,5,900.9,2025-06-22,South,Cancelled,4504.5
ORD00415,CUST0299,Mouse,4,1335.24,2025-05-09,East,Unknown,5340.96
ORD00554,CUST0149,Mouse,1,688.46,2025-04-26,South,Pending,688.46
ORD00194,CUST0110,Headphones,1,1375.55,2025-05-06,North,Pending,1375.55
ORD01172,CUST0134,Keyboard,3,313.61,2025-01-24,West,Completed,940.83
ORD00735,CUST0068,Tablet,3,635.99,2025-07-08,North,Cancelled,1907.97
ORD01075,CUST0252,Monitor,1,798.35,2025-08-19,West,Completed,798.35
ORD00446,CUST0175,Webcam,1,1447.01,2025-03-16,North,Cancelled,1447.01
ORD00821,CUST0106,Monitor,3,1092.8,2025-02-18,South,Completed,3278.4
ORD01682,CUST0149,Webcam,4,173.42,2025-02-09,South,Completed,693.68
ORD01190,CUST0120,Mouse,4,432.59,2025-02-24,South,Completed,1730.36
ORD01941,CUST0069,Headphones,4,1247.16,2025-02-26,North,Pending,4988.64
ORD00452,CUST0128,Headphones,4,1445.75,2025-03-17,East,Pending,5783.0
ORD01434,CUST0019,Keyboard,2,787.45,2025-01-07,East,Pending,1574.9
ORD00465,CUST0252,Webcam,1,1178.21,2025-03-23,South,Pending,1178.21
ORD00717,CUST0199,Webcam,2,692.03,2025-02-19,East,Cancelled,1384.06
ORD00459,CUST0288,Charger,2,771.27,2025-07-23,East,Unknown,1542.54
ORD01409,CUST0213,Keyboard,3,407.91,2025-06-03,East,Completed,1223.73
ORD00979,CUST0111,Laptop,1,803.13,2025-04-24,North,Unknown,803.13
ORD01449,CUST0253,Keyboard,3,765.87,2025-05-12,South,Cancelled,2297.61
ORD01345,CUST0054,Charger,1,125.48,2025-02-02,South,Pending,125.48
ORD00370,CUST0001,Webcam,5,310.18,2025-02-03,South,Pending,1550.9
ORD00485,CUST0185,Keyboard,1,1102.13,2025-08-13,West,Completed,1102.13
ORD00708,CUST0244,Keyboard,2,223.2,2025-03-11,West,Completed,446.4
ORD01654,CUST0001,Headphones,4,578.32,2025-05-26,North,Completed,2313.28
ORD00308,CUST0005,Tablet,2,300.74,2025-04-09,North,Unknown,601.48
ORD00286,CUST0254,Monitor,4,169.39,2025-03-19,West,Cancelled,677.56
ORD00652,CUST0240,Mouse,4,472.48,2025-06-14,East,Completed,1889.92
ORD01703,CUST0218,Monitor,5,1336.92,2025-02-05,East,Pending,6684.6
ORD01766,CUST0061,Keyboard,1,1497.36,2025-02-02,South,Completed,1497.36
ORD01633,CUST0217,Laptop,3,398.87,2025-02-06,North,Completed,1196.61
ORD01284,CUST0293,Charger,1,927.17,2025-04-03,South,Cancelled,927.17
ORD01330,CUST0181,Mouse,1,83.33,2025-02-23,North,Pending,83.33
ORD01462,CUST0193,Laptop,1,93.61,2025-03-29,North,Cancelled,93.61
ORD00658,CUST0294,Tablet,1,892.32,2025-04-29,North,Completed,892.32
ORD00811,CUST0209,Laptop,3,1301.0,2025-07-30,West,Unknown,3903.0
ORD00700,CUST0268,Tablet,1,1306.6,2025-05-18,South,Pending,1306.6
ORD01972,CUST0112,Keyboard,1,495.48,2025-02-14,North,Pending,495.48
ORD00694,CUST0247,Mouse,5,807.6,2025-04-02,South,Cancelled,4038.0
ORD00747,CUST0219,Webcam,4,565.52,2025-03-14,East,Cancelled,2262.08
ORD00673,CUST0241,Webcam,4,535.84,2025-07-24,East,Pending,2143.36
ORD01287,CUST0041,Headphones,5,831.66,2025-01-17,South,Cancelled,4158.3
ORD00098,CUST0123,Keyboard,3,830.75,2025-05-22,North,Pending,2492.25
ORD01385,CUST0154,Monitor,5,1130.26,2025-02-03,East,Completed,5651.3
ORD00798,CUST0223,Charger,3,1291.68,2025-08-22,South,Pending,3875.04
ORD00140,CUST0160,Webcam,1,871.1,2025-02-24,South,Completed,871.1
ORD00836,CUST0138,Laptop,3,1454.96,2025-06-17,West,Cancelled,4364.88
ORD00972,CUST0123,Keyboard,3,1325.01,2025-05-18,South,Completed,3975.03
ORD01299,CUST0124,Tablet,1,1436.84,2025-04-15,North,Cancelled,1436.84
ORD01390,CUST0205,Webcam,3,1231.49,2025-07-06,North,Completed,3694.47
ORD01778,CUST0203,Headphones,1,800.81,2025-01-11,East,Completed,800.81
ORD00986,CUST0211,Headphones,5,754.37,2025-01-27,North,Pending,3771.85
ORD01211,CUST0222,Mouse,1,84.31,2025-03-05,South,Completed,84.31
ORD00803,CUST0204,Keyboard,2,176.78,2025-07-08,North,Pending,353.56
ORD00129,CUST0076,Laptop,3,1289.03,2025-02-07,North,Cancelled,3867.09
ORD00721,CUST0127,Monitor,3,657.03,2025-02-26,South,Pending,1971.09
ORD00701,CUST0073,Tablet,1,38.4,2025-08-21,North,Pending,38.4
ORD01998,CUST0073,Headphones,2,641.55,2025-04-02,East,Pending,1283.1
ORD01589,CUST0104,Keyboard,2,468.27,2025-01-17,North,Cancelled,936.54
ORD00523,CUST0196,Monitor,1,1054.75,2025-07-24,West,Cancelled,1054.75
ORD00265,CUST0173,Headphones,4,1450.1,2025-06-14,West,Completed,5800.4
ORD00167,CUST0277,Laptop,1,511.78,2025-07-16,South,Pending,511.78
ORD01051,CUST0128,Headphones,1,1419.86,2025-05-13,South,Pending,1419.86
ORD01632,CUST0062,Headphones,1,100.24,2025-08-15,North,Pending,100.24
ORD00664,CUST0184,Mouse,3,1299.86,2025-03-02,South,Pending,3899.58
ORD00632,CUST0270,Webcam,2,925.29,2025-05-08,South,Unknown,1850.58
ORD01688,CUST0101,Tablet,1,1494.82,2025-04-06,East,Completed,1494.82
ORD01592,CUST0144,Monitor,1,999.16,2025-02-07,North,Completed,999.16
ORD01702,CUST0123,Monitor,3,1458.79,2025-02-19,North,Unknown,4376.37
ORD00949,CUST0232,Monitor,4,335.7,2025-04-19,North,Pending,1342.8
ORD00433,CUST0184,Tablet,5,409.78,2025-07-07,East,Cancelled,2048.9
ORD01188,CUST0166,Charger,2,543.04,2025-01-19,South,Cancelled,1086.08
ORD01523,CUST0167,Tablet,1,1486.55,2025-03-09,South,Pending,1486.55
ORD00069,CUST0014,Headphones,5,1019.25,2025-04-07,South,Pending,5096.25
ORD00971,CUST0222,Tablet,4,1367.14,2025-02-16,North,Completed,5468.56
ORD00703,CUST0055,Mouse,4,896.52,2025-06-07,North,Pending,3586.08
ORD01229,CUST0113,Laptop,4,1400.07,2025-03-05,South,Completed,5600.28
ORD01837,CUST0137,Webcam,4,244.52,2025-06-02,South,Pending,978.08
ORD00574,CUST0041,Tablet,1,100.44,2025-05-23,West,Cancelled,100.44
ORD00335,CUST0204,Headphones,1,1071.82,2025-07-16,West,Unknown,1071.82
ORD00339,CUST0006,Keyboard,4,1429.99,2025-05-14,East,Unknown,5719.96
ORD00883,CUST0127,Mouse,3,779.51,2025-02-19,West,Completed,2338.53
ORD00665,CUST0196,Charger,4,658.43,2025-02-24,South,Completed,2633.72
ORD00384,CUST0079,Laptop,3,15.69,2025-01-23,East,Unknown,47.07
ORD00968,CUST0104,Laptop,2,674.14,2025-07-31,North,Pending,1348.28
ORD00056,CUST0063,Tablet,2,1204.11,2025-06-20,North,Pending,2408.22
ORD01295,CUST0298,Webcam,2,574.47,2025-05-30,South,Unknown,1148.94
ORD01779,CUST0025,Mouse,3,807.53,2025-08-19,West,Completed,2422.59
ORD00730,CUST0298,Monitor,1,1143.72,2025-03-24,East,Pending,1143.72
ORD01574,CUST0163,Laptop,1,1030.3,2025-04-15,North,Completed,1030.3
ORD01961,CUST0218,Keyboard,1,159.55,2025-03-19,East,Pending,159.55
ORD01725,CUST0048,Laptop,3,128.09,2025-08-27,West,Pending,384.27
ORD00171,CUST0071,Headphones,1,965.36,2025-08-12,North,Completed,965.36
ORD00174,CUST0042,Webcam,2,52.0,2025-08-27,East,Unknown,104.0
ORD00994,CUST0252,Mouse,2,87.64,2025-02-06,South,Completed,175.28
ORD00327,CUST0161,Webcam,3,214.32,2025-07-18,South,Unknown,642.96
ORD00504,CUST0061,Mouse,4,992.49,2025-08-19,North,Completed,3969.96
ORD01103,CUST0009,Mouse,1,1121.2,2025-04-08,East,Unknown,1121.2
ORD00410,CUST0072,Laptop,1,751.09,2025-03-17,West,Completed,751.09
ORD01988,CUST0059,Keyboard,4,82.14,2025-02-08,South,Completed,328.56
ORD00298,CUST0234,Monitor,5,729.56,2025-05-02,West,Unknown,3647.8
ORD01529,CUST0208,Headphones,2,1076.67,2025-05-17,West,Pending,2153.34
ORD00863,CUST0184,Headphones,3,1018.62,2025-02-14,North,Completed,3055.86
ORD01174,CUST0096,Monitor,1,1347.88,2025-03-18,North,Pending,1347.88
ORD01278,CUST0154,Mouse,1,425.85,2025-06-06,West,Completed,425.85
ORD01398,CUST0273,Charger,1,129.21,2025-01-02,South,Pending,129.21
ORD00766,CUST0006,Mouse,1,1380.95,2025-02-22,South,Pending,1380.95
ORD00672,CUST0040,Headphones,5,88.63,2025-03-29,East,Completed,443.15
ORD00649,CUST0174,Tablet,1,203.81,2025-05-01,North,Completed,203.81
ORD01072,CUST0149,Headphones,4,447.38,2025-02-24,South,Unknown,1789.52
ORD01727,CUST0294,Keyboard,3,826.43,2025-04-19,South,Completed,2479.29
ORD00726,CUST0238,Laptop,1,115.34,2025-08-17,East,Pending,115.34
ORD01582,CUST0205,Keyboard,1,799.61,2025-03-04,South,Pending,799.61
ORD00748,CUST0045,Monitor,1,1332.83,2025-07-09,East,Completed,1332.83
ORD00862,CUST0081,Tablet,1,1192.29,2025-05-07,South,Pending,1192.29
ORD00532,CUST0133,Keyboard,5,401.65,2025-03-10,North,Cancelled,2008.25
ORD00408,CUST0056,Tablet,1,511.06,2025-03-12,East,Cancelled,511.06
ORD00200,CUST0283,Keyboard,2,654.6,2025-08-22,East,Completed,1309.2
ORD00474,CUST0061,Laptop,1,1083.23,2025-01-17,North,Completed,1083.23
ORD01200,CUST0195,Headphones,1,263.8,2025-02-05,West,Completed,263.8
ORD01009,CUST0177,Keyboard,3,1125.61,2025-08-27,West,Unknown,3376.83
ORD01745,CUST0137,Keyboard,2,1145.54,2025-02-20,North,Completed,2291.08
ORD01597,CUST0214,Keyboard,3,1278.37,2025-02-19,East,Pending,3835.11
ORD00217,CUST0173,Tablet,1,848.76,2025-05-02,East,Cancelled,848.76
ORD00254,CUST0267,Monitor,4,457.75,2025-01-16,North,Unknown,1831.0
ORD00153,CUST0087,Mouse,5,953.5,2025-05-16,South,Cancelled,4767.5
ORD01308,CUST0043,Keyboard,1,894.39,2025-04-05,South,Completed,894.39
ORD00962,CUST0201,Charger,2,1423.55,2025-01-17,West,Pending,2847.1
ORD01765,CUST0121,Headphones,1,496.65,2025-03-03,South,Unknown,496.65
ORD01294,CUST0077,Laptop,1,917.47,2025-07-26,North,Unknown,917.47
ORD01479,CUST0225,Charger,2,316.39,2025-04-08,East,Completed,632.78
ORD01006,CUST0083,Laptop,1,1158.75,2025-06-14,West,Completed,1158.75
ORD01227,CUST0064,Laptop,4,465.67,2025-04-21,South,Completed,1862.68
ORD01965,CUST0055,Keyboard,2,1256.14,2025-02-02,North,Pending,2512.28
ORD01269,CUST0060,Tablet,1,1346.75,2025-08-20,East,Pending,1346.75
ORD00531,CUST0266,Tablet,3,1036.92,2025-01-04,South,Completed,3110.76
ORD01171,CUST0265,Keyboard,4,354.14,2025-07-01,North,Completed,1416.56
ORD01466,CUST0185,Tablet,1,1328.03,2025-02-17,West,Pending,1328.03
ORD00241,CUST0112,Monitor,1,1134.56,2025-08-12,North,Completed,1134.56
ORD01153,CUST0091,Mouse,2,113.2,2025-04-14,East,Unknown,226.4
ORD01091,CUST0142,Monitor,5,582.23,2025-08-16,South,Unknown,2911.15
ORD00188,CUST0152,Headphones,4,907.91,2025-04-20,South,Completed,3631.64
ORD00247,CUST0216,Webcam,4,678.32,2025-08-23,West,Completed,2713.28
ORD01347,CUST0281,Charger,4,23.8,2025-01-31,East,Unknown,95.2
ORD01428,CUST0241,Charger,1,1176.73,2025-03-08,North,Completed,1176.73
ORD01071,CUST0195,Keyboard,3,1454.9,2025-03-28,South,Pending,4364.7
ORD00936,CUST0170,Webcam,5,456.45,2025-03-26,North,Completed,2282.25
ORD00303,CUST0188,Webcam,2,691.75,2025-03-09,East,Completed,1383.5
ORD00284,CUST0125,Keyboard,1,577.29,2025-02-05,East,Cancelled,577.29
ORD00947,CUST0261,Webcam,4,783.15,2025-02-15,South,Cancelled,3132.6
ORD00506,CUST0196,Webcam,5,1208.89,2025-08-21,North,Completed,6044.45
ORD01983,CUST0183,Keyboard,2,959.77,2025-04-11,East,Completed,1919.54
ORD00322,CUST0009,Mouse,2,667.52,2025-01-01,South,Unknown,1335.04
ORD01902,CUST0077,Monitor,5,1196.46,2025-03-21,East,Unknown,5982.3
ORD01578,CUST0177,Tablet,4,1379.95,2025-02-09,North,Cancelled,5519.8
ORD01835,CUST0082,Tablet,4,21.36,2025-04-06,North,Pending,85.44
ORD00622,CUST0084,Keyboard,2,1156.04,2025-01-14,East,Cancelled,2312.08
ORD01931,CUST0129,Headphones,1,203.68,2025-08-14,East,Unknown,203.68
ORD01237,CUST0290,Tablet,1,503.65,2025-01-16,South,Pending,503.65
ORD00123,CUST0210,Mouse,2,77.57,2025-01-10,West,Completed,155.14
ORD00857,CUST0250,Monitor,1,100.45,2025-01-05,North,Cancelled,100.45
ORD00511,CUST0158,Webcam,1,603.21,2025-02-05,North,Unknown,603.21
ORD00281,CUST0200,Webcam,3,168.76,2025-01-02,West,Cancelled,506.28
ORD01675,CUST0022,Tablet,1,754.99,2025-03-31,East,Unknown,754.99
ORD01275,CUST0178,Charger,1,1426.34,2025-05-05,North,Pending,1426.34
ORD01422,CUST0042,Charger,1,494.28,2025-03-05,North,Unknown,494.28
ORD01028,CUST0288,Charger,2,343.09,2025-01-30,North,Completed,686.18
ORD01059,CUST0141,Laptop,1,571.96,2025-02-26,North,Completed,571.96
ORD01082,CUST0005,Charger,4,441.31,2025-05-05,East,Completed,1765.24
ORD00757,CUST0070,Webcam,2,88.8,2025-04-03,South,Cancelled,177.6
ORD00678,CUST0075,Keyboard,4,1131.61,2025-04-16,South,Unknown,4526.44
ORD00519,CUST0299,Webcam,3,1445.3,2025-03-12,North,Pending,4335.9
ORD01204,CUST0198,Monitor,4,165.76,2025-02-23,East,Pending,663.04
ORD02000,CUST0028,Charger,1,549.12,2025-02-11,South,Pending,549.12
ORD00068,CUST0189,Keyboard,5,914.8,2025-07-11,North,Pending,4574.0
ORD00333,CUST0185,Webcam,2,586.39,2025-08-03,West,Cancelled,1172.78
ORD00569,CUST0260,Charger,1,286.45,2025-01-05,East,Cancelled,286.45
ORD00899,CUST0051,Keyboard,3,224.61,2025-03-07,South,Cancelled,673.83
ORD01228,CUST0146,Keyboard,1,1072.66,2025-02-06,South,Completed,1072.66
ORD01468,CUST0250,Laptop,5,99.83,2025-05-12,North,Pending,499.15
ORD01751,CUST0126,Monitor,1,656.47,2025-03-11,North,Cancelled,656.47
ORD00473,CUST0037,Monitor,3,617.37,2025-04-26,West,Completed,1852.11
ORD00998,CUST0247,Laptop,4,646.82,2025-01-22,North,Pending,2587.28
ORD00512,CUST0083,Mouse,2,767.43,2025-07-21,East,Pending,1534.86
ORD00478,CUST0285,Keyboard,1,72.24,2025-05-27,West,Pending,72.24
ORD01706,CUST0201,Tablet,1,413.4,2025-05-26,North,Cancelled,413.4
ORD01436,CUST0150,Charger,3,958.78,2025-01-08,North,Cancelled,2876.34
ORD00319,CUST0002,Mouse,1,1458.5,2025-06-12,South,Cancelled,1458.5
ORD00993,CUST0128,Monitor,5,1310.33,2025-05-14,South,Completed,6551.65
ORD01905,CUST0172,Laptop,1,1418.56,2025-04-07,North,Pending,1418.56
ORD01042,CUST0207,Monitor,1,187.02,2025-04-12,East,Unknown,187.02
ORD00582,CUST0004,Headphones,2,330.09,2025-03-22,East,Unknown,660.18
ORD00133,CUST0032,Tablet,4,645.15,2025-01-28,South,Completed,2580.6
ORD01769,CUST0130,Charger,2,1220.65,2025-04-29,West,Unknown,2441.3
ORD00880,CUST0260,Webcam,1,81.12,2025-06-16,West,Cancelled,81.12
ORD01296,CUST0041,Mouse,2,852.45,2025-05-28,North,Unknown,1704.9
ORD01448,CUST0227,Monitor,5,1210.59,2025-06-07,North,Cancelled,6052.95
ORD01316,CUST0228,Charger,4,401.95,2025-08-10,East,Unknown,1607.8
ORD00369,CUST0253,Headphones,2,740.75,2025-01-24,South,Pending,1481.5
ORD00733,CUST0045,Mouse,4,1347.94,2025-03-15,North,Pending,5391.76
ORD01397,CUST0231,Webcam,4,1070.91,2025-08-05,East,Completed,4283.64
ORD00126,CUST0121,Webcam,1,1471.58,2025-04-05,South,Cancelled,1471.58
ORD01610,CUST0097,Mouse,1,1144.88,2025-02-18,East,Cancelled,1144.88
ORD01068,CUST0273,Mouse,4,30.71,2025-02-18,North,Unknown,122.84
ORD00257,CUST0238,Laptop,5,624.89,2025-04-17,North,Pending,3124.45
ORD00232,CUST0020,Keyboard,4,1324.55,2025-02-15,East,Completed,5298.2
ORD01140,CUST0175,Tablet,2,515.14,2025-04-03,East,Completed,1030.28
ORD00290,CUST0280,Keyboard,1,1153.75,2025-01-07,West,Unknown,1153.75
ORD01575,CUST0165,Webcam,1,223.79,2025-01-27,South,Completed,223.79
ORD00778,CUST0262,Headphones,2,1154.32,2025-01-28,East,Completed,2308.64
ORD00082,CUST0028,Headphones,1,1416.69,2025-06-13,North,Completed,1416.69
ORD00054,CUST0213,Monitor,1,1047.57,2025-05-07,South,Pending,1047.57
ORD00944,CUST0192,Webcam,5,650.01,2025-06-12,North,Pending,3250.05
ORD01110,CUST0174,Mouse,2,217.45,2025-07-14,West,Pending,434.9
ORD00558,CUST0037,Tablet,2,296.37,2025-08-04,East,Completed,592.74
ORD01785,CUST0139,Keyboard,1,1149.7,2025-03-28,North,Pending,1149.7
ORD00041,CUST0182,Charger,5,1126.72,2025-08-25,East,Pending,5633.6
ORD01159,CUST0019,Monitor,1,1468.76,2025-04-18,North,Pending,1468.76
ORD00262,CUST0184,Headphones,3,545.87,2025-08-14,West,Completed,1637.61
ORD00669,CUST0004,Tablet,1,362.76,2025-05-09,West,Pending,362.76
ORD00948,CUST0254,Tablet,3,875.97,2025-06-13,South,Completed,2627.91
ORD00084,CUST0028,Keyboard,2,1218.6,2025-03-19,South,Completed,2437.2
ORD01151,CUST0080,Tablet,2,963.92,2025-03-23,North,Pending,1927.84
ORD01391,CUST0014,Monitor,5,275.46,2025-03-02,East,Cancelled,1377.3
ORD01593,CUST0195,Tablet,2,1153.04,2025-05-31,East,Cancelled,2306.08
ORD00858,CUST0214,Tablet,1,747.24,2025-08-29,East,Completed,747.24
ORD00031,CUST0297,Laptop,5,132.16,2025-06-18,North,Pending,660.8
ORD00514,CUST0046,Mouse,3,340.44,2025-01-21,North,Unknown,1021.32
ORD01029,CUST0097,Mouse,5,557.93,2025-08-07,West,Pending,2789.65
ORD01396,CUST0206,Charger,1,461.4,2025-03-08,South,Completed,461.4
ORD01718,CUST0197,Charger,1,816.48,2025-03-11,South,Completed,816.48
ORD01494,CUST0116,Headphones,2,1097.75,2025-03-19,South,Completed,2195.5
ORD01337,CUST0296,Tablet,4,443.95,2025-01-24,West,Pending,1775.8
ORD01634,CUST0041,Webcam,4,1165.94,2025-02-07,South,Completed,4663.76
ORD00987,CUST0167,Charger,1,1387.58,2025-07-17,South,Cancelled,1387.58
ORD01555,CUST0202,Monitor,3,487.27,2025-04-25,East,Unknown,1461.81
ORD01885,CUST0108,Headphones,3,1127.0,2025-01-11,South,Cancelled,3381.0
ORD01925,CUST0277,Keyboard,1,991.78,2025-02-13,South,Unknown,991.78
ORD00049,CUST0154,Headphones,1,618.51,2025-04-14,East,Pending,618.51
ORD01906,CUST0038,Webcam,1,685.17,2025-07-18,East,Unknown,685.17
ORD00468,CUST0125,Laptop,1,1329.63,2025-04-08,West,Cancelled,1329.63
ORD00154,CUST0076,Monitor,1,228.2,2025-02-20,North,Pending,228.2
ORD01609,CUST0032,Tablet,2,766.3,2025-01-21,South,Cancelled,1532.6
ORD01926,CUST0045,Charger,1,1311.44,2025-04-04,East,Cancelled,1311.44
ORD00395,CUST0243,Laptop,2,420.37,2025-02-06,North,Unknown,840.74
ORD00124,CUST0070,Charger,4,562.81,2025-07-10,North,Completed,2251.24
ORD00356,CUST0076,Mouse,1,379.85,2025-04-02,North,Completed,379.85
ORD00135,CUST0272,Headphones,4,763.27,2025-04-21,East,Unknown,3053.08
ORD00386,CUST0251,Headphones,1,966.38,2025-04-10,East,Completed,966.38
ORD00610,CUST0119,Monitor,1,48.87,2025-01-21,East,Completed,48.87
ORD00221,CUST0078,Charger,1,313.8,2025-05-09,West,Unknown,313.8
ORD00042,CUST0212,Laptop,2,1107.48,2025-03-27,East,Unknown,2214.96
ORD00598,CUST0270,Laptop,3,263.78,2025-03-14,East,Unknown,791.34
ORD01288,CUST0254,Keyboard,2,949.2,2025-02-07,South,Completed,1898.4
ORD01277,CUST0121,Tablet,1,1148.65,2025-01-30,West,Completed,1148.65
ORD00681,CUST0148,Tablet,4,1020.96,2025-05-16,North,Completed,4083.84
ORD01530,CUST0151,Mouse,3,1499.16,2025-04-24,South,Pending,4497.48
ORD01960,CUST0060,Webcam,3,113.17,2025-01-02,East,Completed,339.51
ORD01454,CUST0108,Keyboard,3,243.02,2025-07-16,East,Pending,729.06
ORD00542,CUST0203,Headphones,4,1173.65,2025-08-29,South,Pending,4694.6
ORD01078,CUST0057,Monitor,3,69.98,2025-04-12,South,Cancelled,209.94
ORD00886,CUST0226,Tablet,1,1460.18,2025-07-30,South,Pending,1460.18
ORD01482,CUST0234,Laptop,1,576.24,2025-04-18,East,Completed,576.24
ORD01933,CUST0019,Tablet,1,541.84,2025-02-15,North,Completed,541.84
ORD01107,CUST0097,Mouse,2,117.35,2025-03-04,South,Completed,234.7
ORD00982,CUST0033,Monitor,1,1197.42,2025-08-01,South,Unknown,1197.42
ORD01324,CUST0148,Charger,4,494.84,2025-06-19,North,Pending,1979.36
ORD01127,CUST0271,Headphones,4,623.17,2025-03-28,East,Unknown,2492.68
ORD01121,CUST0043,Charger,5,871.04,2025-06-27,South,Unknown,4355.2
ORD01619,CUST0223,Keyboard,2,893.48,2025-02-17,North,Completed,1786.96
ORD01874,CUST0255,Headphones,1,432.64,2025-06-02,South,Completed,432.64
ORD01859,CUST0158,Charger,3,246.3,2025-03-04,East,Unknown,738.9
ORD01260,CUST0052,Mouse,4,353.55,2025-06-03,East,Completed,1414.2
ORD01873,CUST0213,Mouse,5,200.58,2025-06-02,North,Pending,1002.9
ORD01019,CUST0128,Webcam,4,931.34,2025-06-18,North,Completed,3725.36
ORD00926,CUST0038,Tablet,1,941.77,2025-05-29,North,Completed,941.77
ORD00952,CUST0092,Tablet,2,405.78,2025-01-20,North,Cancelled,811.56
ORD00337,CUST0034,Headphones,1,661.85,2025-08-05,North,Pending,661.85
ORD00233,CUST0149,Laptop,1,454.6,2025-06-04,East,Cancelled,454.6
ORD01950,CUST0110,Charger,4,1094.48,2025-05-15,South,Completed,4377.92
ORD01458,CUST0072,Tablet,3,39.02,2025-06-30,South,Unknown,117.06
ORD00159,CUST0097,Webcam,5,718.69,2025-02-08,West,Completed,3593.45
ORD00469,CUST0265,Webcam,5,1206.2,2025-04-25,North,Cancelled,6031.0
ORD01039,CUST0075,Monitor,2,1208.49,2025-02-20,South,Completed,2416.98
ORD00873,CUST0162,Charger,2,656.77,2025-04-11,South,Unknown,1313.54
ORD01661,CUST0121,Tablet,1,1493.8,2025-01-12,East,Completed,1493.8
ORD01139,CUST0111,Keyboard,1,249.96,2025-05-09,South,Pending,249.96
ORD01386,CUST0073,Webcam,4,600.03,2025-04-28,South,Pending,2400.12
ORD01939,CUST0064,Keyboard,3,1350.65,2025-02-15,East,Cancelled,4051.95
ORD00586,CUST0296,Charger,1,1172.38,2025-08-24,East,Completed,1172.38
ORD00206,CUST0031,Keyboard,4,629.28,2025-04-29,East,Pending,2517.12
ORD00004,CUST0080,Monitor,3,162.29,2025-04-08,East,Cancelled,486.87
ORD00922,CUST0143,Charger,5,678.8,2025-01-02,South,Cancelled,3394.0
ORD01361,CUST0092,Laptop,3,1284.5,2025-07-17,East,Unknown,3853.5
ORD01896,CUST0267,Monitor,3,1008.52,2025-06-04,South,Pending,3025.56
ORD01250,CUST0093,Headphones,2,1049.68,2025-05-31,East,Pending,2099.36
ORD01446,CUST0051,Laptop,3,1187.12,2025-01-19,West,Completed,3561.36
ORD01716,CUST0113,Headphones,1,14.72,2025-06-21,West,Pending,14.72
ORD01696,CUST0261,Charger,1,1309.09,2025-06-12,South,Pending,1309.09
ORD00715,CUST0167,Monitor,1,495.94,2025-01-26,South,Completed,495.94
ORD01645,CUST0021,Monitor,5,63.65,2025-02-28,West,Completed,318.25
ORD01165,CUST0279,Mouse,1,671.71,2025-05-29,South,Cancelled,671.71
ORD01419,CUST0163,Charger,2,1289.99,2025-05-07,East,Completed,2579.98
ORD00884,CUST0211,Mouse,1,102.67,2025-08-16,West,Pending,102.67
ORD01043,CUST0193,Mouse,4,1298.69,2025-06-16,East,Unknown,5194.76
ORD01088,CUST0127,Webcam,1,280.81,2025-01-01,South,Unknown,280.81
ORD01538,CUST0034,Keyboard,1,844.34,2025-05-24,North,Cancelled,844.34
ORD01233,CUST0258,Webcam,4,537.75,2025-04-30,West,Completed,2151.0
ORD01090,CUST0283,Keyboard,3,547.25,2025-07-27,South,Pending,1641.75
ORD00158,CUST0047,Charger,4,874.69,2025-07-22,North,Completed,3498.76
ORD01084,CUST0243,Mouse,1,1098.38,2025-06-06,South,Pending,1098.38
ORD00524,CUST0135,Monitor,3,148.58,2025-06-22,East,Cancelled,445.74
ORD00653,CUST0074,Headphones,3,594.19,2025-06-29,East,Cancelled,1782.57
ORD00161,CUST0145,Charger,4,1163.95,2025-06-23,North,Unknown,4655.8
ORD00306,CUST0262,Charger,4,898.67,2025-05-28,West,Pending,3594.68
ORD00657,CUST0221,Charger,5,1183.12,2025-05-20,South,Pending,5915.6
ORD00548,CUST0234,Charger,5,963.28,2025-05-17,East,Completed,4816.4
ORD00714,CUST0060,Mouse,2,1084.89,2025-06-01,East,Completed,2169.78
ORD00396,CUST0170,Monitor,1,1121.17,2025-08-24,East,Completed,1121.17
ORD00784,CUST0200,Tablet,1,857.59,2025-05-06,North,Unknown,857.59
ORD00400,CUST0207,Keyboard,5,1320.21,2025-01-08,South,Pending,6601.05
ORD00799,CUST0147,Keyboard,3,1033.41,2025-03-02,South,Completed,3100.23
ORD01863,CUST0012,Mouse,4,572.13,2025-04-16,East,Cancelled,2288.52
ORD00619,CUST0231,Laptop,2,685.98,2025-08-18,South,Completed,1371.96
ORD01583,CUST0187,Tablet,5,1295.03,2025-07-22,East,Unknown,6475.15
ORD00509,CUST0219,Headphones,3,1283.92,2025-04-19,East,Pending,3851.76
ORD01615,CUST0292,Headphones,1,1261.19,2025-04-26,South,Completed,1261.19
ORD00737,CUST0272,Tablet,4,463.08,2025-02-03,South,Cancelled,1852.32
ORD01477,CUST0104,Headphones,2,642.18,2025-03-11,South,Cancelled,1284.36
ORD01719,CUST0176,Webcam,1,753.56,2025-06-07,East,Completed,753.56
ORD01023,CUST0045,Headphones,1,1494.49,2025-08-12,South,Completed,1494.49
ORD00868,CUST0260,Tablet,1,1307.03,2025-02-09,East,Cancelled,1307.03
ORD00460,CUST0199,Charger,1,475.85,2025-05-22,North,Unknown,475.85
ORD01886,CUST0271,Tablet,2,520.49,2025-03-02,East,Unknown,1040.98
ORD00063,CUST0208,Keyboard,4,1380.12,2025-06-09,North,Completed,5520.48
ORD01882,CUST0200,Charger,5,141.69,2025-08-12,West,Pending,708.45
ORD00872,CUST0186,Laptop,4,226.92,2025-01-03,East,Pending,907.68
ORD01011,CUST0088,Keyboard,3,287.74,2025-02-04,West,Pending,863.22
ORD01626,CUST0244,Headphones,5,517.73,2025-07-23,South,Pending,2588.65
ORD00458,CUST0278,Laptop,3,1222.9,2025-01-27,East,Unknown,3668.7
ORD00731,CUST0033,Webcam,3,684.09,2025-05-09,East,Completed,2052.27
ORD00479,CUST0108,Webcam,2,624.86,2025-06-15,South,Pending,1249.72
ORD01089,CUST0144,Mouse,4,285.41,2025-05-06,East,Cancelled,1141.64
ORD01928,CUST0293,Keyboard,3,856.12,2025-04-27,North,Pending,2568.36
ORD00871,CUST0272,Charger,2,215.61,2025-04-20,West,Completed,431.22
ORD00791,CUST0106,Webcam,4,759.13,2025-07-15,East,Pending,3036.52
ORD00618,CUST0232,Mouse,1,755.98,2025-02-16,South,Pending,755.98
ORD01910,CUST0252,Tablet,4,1385.4,2025-02-11,South,Pending,5541.6
ORD01995,CUST0069,Keyboard,5,437.2,2025-02-02,East,Pending,2186.0
ORD01456,CUST0135,Tablet,3,562.48,2025-03-20,South,Cancelled,1687.44
ORD01639,CUST0033,Mouse,2,235.84,2025-05-14,South,Pending,471.68
ORD01668,CUST0279,Laptop,5,164.68,2025-01-02,North,Unknown,823.4
ORD00348,CUST0004,Charger,1,357.17,2025-03-30,East,Unknown,357.17
ORD01325,CUST0059,Webcam,1,603.15,2025-02-02,East,Completed,603.15
ORD01230,CUST0051,Headphones,3,899.59,2025-02-14,West,Unknown,2698.77
ORD01705,CUST0127,Monitor,5,1187.02,2025-08-01,South,Unknown,5935.1
ORD00761,CUST0097,Mouse,4,696.13,2025-01-20,East,Pending,2784.52
ORD00955,CUST0071,Headphones,1,1157.41,2025-03-14,East,Completed,1157.41
ORD00447,CUST0085,Tablet,2,1234.54,2025-07-10,West,Completed,2469.08
ORD00651,CUST0160,Webcam,2,1072.22,2025-06-21,North,Completed,2144.44
ORD01268,CUST0010,Tablet,1,586.82,2025-04-07,South,Completed,586.82
ORD01845,CUST0017,Laptop,1,1165.2,2025-06-26,East,Unknown,1165.2
ORD00380,CUST0018,Headphones,1,484.89,2025-01-27,East,Pending,484.89
ORD00565,CUST0079,Mouse,2,736.89,2025-03-23,East,Unknown,1473.78
ORD01369,CUST0087,Webcam,5,31.12,2025-06-20,West,Unknown,155.6
ORD01940,CUST0269,Charger,4,894.46,2025-02-20,East,Pending,3577.84
ORD00957,CUST0108,Tablet,2,778.58,2025-07-21,East,Completed,1557.16
ORD01974,CUST0284,Keyboard,2,1346.09,2025-03-25,East,Unknown,2692.18
ORD00283,CUST0048,Webcam,4,28.39,2025-04-16,East,Completed,113.56
ORD00921,CUST0141,Mouse,1,782.26,2025-05-07,North,Completed,782.26
ORD01243,CUST0095,Keyboard,1,989.62,2025-02-13,South,Unknown,989.62
ORD00383,CUST0277,Headphones,1,429.47,2025-03-02,North,Completed,429.47
ORD01973,CUST0211,Keyboard,1,1101.88,2025-07-24,South,Pending,1101.88
ORD01245,CUST0055,Tablet,4,1222.11,2025-02-07,East,Completed,4888.44
ORD00073,CUST0139,Tablet,4,659.01,2025-07-07,East,Cancelled,2636.04
ORD00071,CUST0022,Webcam,5,648.28,2025-04-05,North,Unknown,3241.4
ORD01545,CUST0091,Charger,3,754.53,2025-02-17,West,Pending,2263.59
ORD01115,CUST0185,Mouse,1,910.71,2025-02-15,North,Cancelled,910.71
ORD00172,CUST0064,Headphones,1,1147.04,2025-03-11,North,Pending,1147.04
ORD01838,CUST0089,Tablet,3,480.44,2025-06-05,South,Completed,1441.32
ORD00169,CUST0230,Monitor,5,366.36,2025-07-27,East,Pending,1831.8
ORD00494,CUST0040,Headphones,4,1459.28,2025-02-27,West,Cancelled,5837.12
ORD01282,CUST0148,Tablet,4,863.18,2025-05-26,East,Pending,3452.72
ORD01057,CUST0223,Charger,1,1446.39,2025-03-05,East,Completed,1446.39
ORD01904,CUST0033,Laptop,1,1252.23,2025-07-15,North,Pending,1252.23
ORD00894,CUST0143,Mouse,2,1063.74,2025-05-27,East,Unknown,2127.48
ORD00273,CUST0043,Tablet,4,970.91,2025-03-26,East,Completed,3883.64
ORD01328,CUST0174,Laptop,3,676.98,2025-02-26,South,Pending,2030.94
ORD00421,CUST0067,Mouse,4,759.97,2025-03-20,North,Completed,3039.88
ORD00095,CUST0233,Mouse,3,386.07,2025-01-30,East,Pending,1158.21
ORD01402,CUST0203,Monitor,2,135.23,2025-01-25,South,Pending,270.46
ORD01625,CUST0229,Webcam,4,376.7,2025-03-25,South,Cancelled,1506.8
ORD01636,CUST0166,Laptop,1,88.11,2025-03-25,West,Cancelled,88.11
ORD00043,CUST0137,Keyboard,1,171.06,2025-08-12,East,Completed,171.06
ORD01888,CUST0190,Tablet,1,1044.01,2025-06-05,North,Cancelled,1044.01
ORD01691,CUST0156,Keyboard,3,1381.89,2025-08-09,East,Pending,4145.67
ORD01359,CUST0163,Mouse,5,1264.86,2025-02-12,East,Cancelled,6324.3
ORD01321,CUST0035,Tablet,5,920.71,2025-07-01,North,Completed,4603.55
ORD00039,CUST0005,Mouse,1,1418.13,2025-06-26,North,Completed,1418.13
ORD00307,CUST0089,Keyboard,4,440.36,2025-02-17,East,Completed,1761.44
ORD00007,CUST0187,Keyboard,3,539.35,2025-06-21,South,Unknown,1618.05
ORD00783,CUST0019,Laptop,2,839.43,2025-08-09,South,Pending,1678.86
ORD00409,CUST0153,Monitor,2,780.77,2025-03-03,East,Pending,1561.54
ORD01173,CUST0015,Mouse,5,579.78,2025-07-10,South,Completed,2898.9
ORD00782,CUST0010,Laptop,4,1321.39,2025-01-31,West,Cancelled,5285.56
ORD00535,CUST0077,Tablet,1,273.14,2025-05-08,East,Unknown,273.14
ORD00584,CUST0120,Headphones,3,146.94,2025-04-13,South,Unknown,440.82
ORD01289,CUST0095,Tablet,5,482.83,2025-05-22,South,Completed,2414.15
ORD01962,CUST0252,Keyboard,4,1445.01,2025-06-26,West,Completed,5780.04
ORD01464,CUST0294,Monitor,5,141.13,2025-03-04,North,Pending,705.65
ORD01267,CUST0117,Laptop,1,49.27,2025-07-20,North,Pending,49.27
ORD01539,CUST0033,Webcam,1,1432.55,2025-03-12,East,Unknown,1432.55
ORD01105,CUST0223,Webcam,2,1354.23,2025-01-24,South,Completed,2708.46
ORD00814,CUST0070,Laptop,4,308.11,2025-03-20,North,Completed,1232.44
ORD00317,CUST0165,Monitor,1,595.12,2025-02-06,South,Cancelled,595.12
ORD01320,CUST0096,Tablet,3,206.37,2025-06-12,North,Unknown,619.11
ORD01773,CUST0191,Webcam,1,165.85,2025-07-17,South,Pending,165.85
ORD00517,CUST0019,Webcam,2,985.98,2025-02-10,East,Completed,1971.96
ORD00534,CUST0295,Monitor,1,1084.02,2025-07-25,North,Completed,1084.02
ORD01076,CUST0129,Monitor,4,599.08,2025-03-18,West,Pending,2396.32
ORD00272,CUST0042,Laptop,1,613.86,2025-04-07,West,Completed,613.86
ORD00549,CUST0227,Headphones,3,624.18,2025-02-09,North,Completed,1872.54
ORD00965,CUST0233,Laptop,3,782.61,2025-02-13,East,Completed,2347.83
ORD01747,CUST0078,Charger,5,856.6,2025-08-23,North,Completed,4283.0
ORD01678,CUST0049,Tablet,4,1126.09,2025-03-03,West,Completed,4504.36
ORD01651,CUST0130,Monitor,5,45.48,2025-01-04,East,Pending,227.4
ORD00571,CUST0165,Mouse,1,789.57,2025-01-18,East,Pending,789.57
ORD00075,CUST0167,Keyboard,4,326.06,2025-07-24,East,Cancelled,1304.24
ORD00062,CUST0215,Monitor,4,336.94,2025-04-22,North,Completed,1347.76
ORD01069,CUST0177,Monitor,1,995.15,2025-08-24,South,Pending,995.15
ORD00810,CUST0121,Headphones,2,1290.53,2025-02-11,South,Cancelled,2581.06
ORD00245,CUST0012,Charger,3,1226.52,2025-07-10,North,Completed,3679.56
ORD01050,CUST0018,Mouse,1,764.16,2025-04-04,South,Completed,764.16
ORD01134,CUST0283,Monitor,1,1394.51,2025-03-03,North,Pending,1394.51
ORD01740,CUST0263,Tablet,1,1401.63,2025-08-11,North,Cancelled,1401.63
ORD00106,CUST0080,Mouse,4,1174.47,2025-03-09,North,Unknown,4697.88
ORD00674,CUST0156,Headphones,1,947.66,2025-05-29,North,Completed,947.66
ORD00643,CUST0269,Headphones,3,223.51,2025-08-12,East,Pending,670.53
ORD01303,CUST0093,Tablet,1,258.49,2025-04-18,East,Pending,258.49
ORD00510,CUST0105,Charger,5,1177.84,2025-05-04,East,Pending,5889.2
ORD00132,CUST0258,Monitor,5,74.61,2025-07-20,North,Cancelled,373.05
ORD00445,CUST0170,Tablet,1,989.18,2025-07-03,North,Completed,989.18
ORD00867,CUST0054,Keyboard,1,185.91,2025-02-22,South,Unknown,185.91
ORD00765,CUST0056,Laptop,1,775.08,2025-01-16,North,Cancelled,775.08
ORD01918,CUST0241,Mouse,2,1358.51,2025-07-09,South,Pending,2717.02
ORD01825,CUST0071,Monitor,4,1301.16,2025-02-22,West,Pending,5204.64
ORD00058,CUST0142,Tablet,1,366.48,2025-04-23,South,Cancelled,366.48
ORD01701,CUST0129,Headphones,3,1313.38,2025-06-02,South,Cancelled,3940.14
ORD01617,CUST0239,Tablet,3,1385.93,2025-08-05,West,Completed,4157.79
ORD01281,CUST0223,Charger,1,1393.56,2025-07-12,East,Completed,1393.56
ORD00087,CUST0002,Charger,4,1037.16,2025-05-01,North,Pending,4148.64
ORD01903,CUST0085,Tablet,2,11.46,2025-06-20,West,Pending,22.92
ORD00772,CUST0021,Mouse,3,745.63,2025-04-09,West,Pending,2236.89
ORD01262,CUST0266,Headphones,4,931.78,2025-05-20,North,Pending,3727.12
ORD00709,CUST0020,Keyboard,1,754.83,2025-01-23,East,Cancelled,754.83
ORD01743,CUST0027,Mouse,4,1140.15,2025-04-21,North,Unknown,4560.6
ORD01372,CUST0239,Mouse,5,1396.11,2025-01-23,North,Pending,6980.55
ORD01603,CUST0261,Mouse,1,1218.03,2025-07-26,South,Completed,1218.03
ORD00539,CUST0276,Keyboard,3,539.11,2025-06-22,West,Unknown,1617.33
ORD01472,CUST0295,Webcam,4,796.29,2025-06-27,East,Completed,3185.16
ORD01210,CUST0196,Charger,2,448.07,2025-04-14,North,Cancelled,896.14
ORD01594,CUST0094,Tablet,1,1455.74,2025-06-21,East,Cancelled,1455.74
ORD01339,CUST0232,Monitor,5,1463.03,2025-04-12,West,Cancelled,7315.15
ORD00419,CUST0220,Tablet,4,16.96,2025-05-17,South,Cancelled,67.84
ORD01898,CUST0290,Charger,3,54.61,2025-07-25,West,Pending,163.83
ORD01074,CUST0153,Webcam,1,17.68,2025-08-16,South,Completed,17.68
ORD01748,CUST0248,Mouse,2,707.78,2025-02-12,West,Completed,1415.56
ORD01313,CUST0119,Headphones,2,153.0,2025-05-22,East,Pending,306.0
ORD00852,CUST0014,Monitor,4,976.45,2025-06-16,West,Unknown,3905.8
ORD01794,CUST0163,Monitor,3,810.25,2025-04-19,North,Completed,2430.75
ORD01771,CUST0085,Headphones,4,148.89,2025-08-13,South,Completed,595.56
ORD01734,CUST0296,Charger,3,789.97,2025-04-15,North,Completed,2369.91
ORD01331,CUST0203,Monitor,3,1203.92,2025-08-22,East,Completed,3611.76
ORD01774,CUST0259,Headphones,5,592.13,2025-05-16,North,Pending,2960.65
ORD01842,CUST0174,Mouse,3,399.1,2025-05-21,East,Pending,1197.3
ORD00305,CUST0153,Mouse,1,209.58,2025-01-31,East,Completed,209.58
ORD01927,CUST0054,Headphones,4,858.45,2025-07-07,North,Unknown,3433.8
ORD01099,CUST0061,Keyboard,2,77.96,2025-03-02,North,Unknown,155.92
ORD00336,CUST0276,Keyboard,3,134.56,2025-01-21,South,Pending,403.68
ORD00996,CUST0091,Monitor,3,435.18,2025-04-25,South,Cancelled,1305.54
ORD00570,CUST0033,Charger,2,790.86,2025-05-08,South,Pending,1581.72
ORD00089,CUST0059,Monitor,1,231.99,2025-03-10,North,Completed,231.99
ORD00875,CUST0177,Laptop,3,1351.31,2025-06-06,South,Completed,4053.93
ORD01181,CUST0263,Keyboard,2,1301.64,2025-01-30,North,Cancelled,2603.28
ORD01756,CUST0190,Mouse,3,361.17,2025-08-14,West,Pending,1083.51
ORD00713,CUST0233,Laptop,1,1113.22,2025-08-25,South,Pending,1113.22
ORD01804,CUST0261,Monitor,4,17.88,2025-05-14,North,Unknown,71.52
ORD01900,CUST0038,Monitor,1,847.07,2025-07-27,North,Unknown,847.07
ORD01415,CUST0221,Charger,1,1129.57,2025-03-14,South,Completed,1129.57
ORD00222,CUST0266,Monitor,5,494.32,2025-06-19,North,Completed,2471.6
ORD00320,CUST0204,Monitor,4,1239.02,2025-05-07,East,Cancelled,4956.08
ORD01800,CUST0052,Charger,1,474.72,2025-08-13,North,Unknown,474.72
ORD00879,CUST0133,Monitor,3,1092.5,2025-05-10,South,Completed,3277.5
ORD01848,CUST0134,Keyboard,1,823.21,2025-02-07,South,Pending,823.21
ORD00826,CUST0287,Laptop,5,277.26,2025-02-13,West,Cancelled,1386.3
ORD01556,CUST0043,Tablet,1,741.95,2025-03-24,West,Pending,741.95
ORD00139,CUST0169,Mouse,4,536.86,2025-06-20,East,Unknown,2147.44
ORD00164,CUST0159,Charger,1,1189.58,2025-07-28,South,Unknown,1189.58
ORD01828,CUST0061,Mouse,3,1188.74,2025-05-18,South,Pending,3566.22
ORD01485,CUST0266,Keyboard,2,1045.65,2025-07-15,North,Pending,2091.3
ORD00961,CUST0012,Laptop,2,239.0,2025-03-26,South,Pending,478.0
ORD01700,CUST0294,Keyboard,4,512.24,2025-06-27,East,Pending,2048.96
ORD01272,CUST0126,Headphones,2,913.12,2025-05-03,North,Unknown,1826.24
ORD01209,CUST0078,Charger,5,651.96,2025-03-27,West,Cancelled,3259.8
ORD01982,CUST0239,Tablet,3,1028.56,2025-06-27,South,Unknown,3085.68
ORD01332,CUST0007,Laptop,1,1135.13,2025-05-15,North,Completed,1135.13
ORD01851,CUST0126,Charger,3,958.64,2025-01-23,South,Pending,2875.92
ORD00634,CUST0213,Charger,1,507.35,2025-05-24,South,Completed,507.35
ORD01400,CUST0190,Headphones,4,512.82,2025-03-17,North,Cancelled,2051.28
ORD00656,CUST0206,Charger,2,935.1,2025-05-21,West,Completed,1870.2
ORD00017,CUST0186,Headphones,2,96.31,2025-08-13,North,Completed,192.62
ORD01672,CUST0208,Headphones,2,817.53,2025-01-25,North,Completed,1635.06
ORD01195,CUST0213,Headphones,3,482.61,2025-03-30,North,Pending,1447.83
ORD00138,CUST0048,Charger,1,1119.44,2025-04-06,North,Completed,1119.44
ORD01858,CUST0034,Keyboard,1,606.12,2025-06-23,South,Pending,606.12
ORD00698,CUST0123,Tablet,4,103.86,2025-05-19,East,Completed,415.44
ORD01098,CUST0005,Tablet,5,1064.55,2025-05-15,East,Pending,5322.75
ORD01657,CUST0090,Laptop,1,138.28,2025-03-02,East,Pending,138.28
ORD00449,CUST0064,Tablet,4,991.1,2025-05-10,West,Completed,3964.4
ORD01946,CUST0148,Headphones,2,21.33,2025-03-20,North,Completed,42.66
ORD00328,CUST0005,Keyboard,4,533.27,2025-02-24,South,Pending,2133.08
ORD00318,CUST0039,Mouse,4,778.26,2025-03-13,East,Completed,3113.04
ORD01567,CUST0132,Charger,3,809.03,2025-03-14,East,Completed,2427.09
ORD00527,CUST0183,Keyboard,1,188.62,2025-01-21,South,Completed,188.62
ORD00088,CUST0233,Mouse,1,357.8,2025-03-09,North,Unknown,357.8
ORD01306,CUST0173,Mouse,1,77.4,2025-07-09,West,Completed,77.4
ORD00149,CUST0273,Monitor,5,842.5,2025-06-21,North,Completed,4212.5
ORD01664,CUST0178,Headphones,2,1223.2,2025-07-12,South,Pending,2446.4
ORD01491,CUST0069,Laptop,3,719.6,2025-08-19,South,Cancelled,2158.8
ORD00366,CUST0120,Keyboard,1,379.31,2025-03-03,North,Unknown,379.31
ORD00590,CUST0026,Charger,3,136.77,2025-05-09,East,Unknown,410.31
ORD01548,CUST0291,Webcam,1,1434.01,2025-02-18,North,Completed,1434.01
ORD00199,CUST0210,Mouse,2,1458.85,2025-06-14,West,Completed,2917.7
ORD01947,CUST0296,Mouse,1,1371.68,2025-06-03,South,Completed,1371.68
ORD00405,CUST0005,Tablet,2,974.58,2025-06-03,South,Cancelled,1949.16
ORD01729,CUST0189,Keyboard,2,805.15,2025-02-17,East,Completed,1610.3
ORD00484,CUST0162,Charger,2,17.2,2025-03-05,South,Unknown,34.4
ORD01496,CUST0198,Laptop,2,1469.5,2025-01-04,South,Completed,2939.0
ORD00792,CUST0224,Monitor,4,956.81,2025-07-21,East,Pending,3827.24
ORD00800,CUST0159,Tablet,4,844.14,2025-04-22,South,Completed,3376.56
ORD00385,CUST0050,Laptop,2,264.54,2025-03-16,West,Completed,529.08
ORD00751,CUST0213,Keyboard,5,698.56,2025-05-26,South,Pending,3492.8
ORD00423,CUST0207,Laptop,2,344.24,2025-02-03,South,Completed,688.48
ORD00315,CUST0276,Keyboard,3,1468.71,2025-03-16,North,Cancelled,4406.13
ORD01022,CUST0151,Monitor,1,223.31,2025-05-14,East,Unknown,223.31
ORD00544,CUST0086,Charger,1,152.38,2025-08-28,North,Completed,152.38
ORD00914,CUST0005,Mouse,4,562.02,2025-02-19,North,Pending,2248.08
ORD00663,CUST0207,Keyboard,3,102.99,2025-08-19,North,Completed,308.97
ORD00903,CUST0034,Tablet,1,617.17,2025-03-01,East,Pending,617.17
ORD01433,CUST0126,Headphones,3,449.99,2025-04-24,East,Completed,1349.97
ORD00686,CUST0062,Mouse,5,203.56,2025-06-18,North,Pending,1017.8
ORD01720,CUST0040,Charger,2,1184.22,2025-02-23,East,Cancelled,2368.44
ORD00160,CUST0044,Keyboard,1,379.14,2025-04-23,North,Pending,379.14
ORD01000,CUST0241,Monitor,2,1375.04,2025-01-02,East,Pending,2750.08
ORD01333,CUST0145,Headphones,1,352.71,2025-07-17,South,Completed,352.71
ORD01824,CUST0242,Monitor,5,506.81,2025-02-28,North,Completed,2534.05
ORD00203,CUST0298,Keyboard,2,991.51,2025-07-04,East,Pending,1983.02
ORD01024,CUST0277,Monitor,2,325.34,2025-07-12,South,Completed,650.68
ORD01572,CUST0201,Charger,2,1420.76,2025-05-10,South,Pending,2841.52
ORD01621,CUST0256,Charger,4,1421.52,2025-02-10,South,Completed,5686.08
ORD00113,CUST0234,Headphones,2,1499.07,2025-08-07,North,Pending,2998.14
ORD01854,CUST0241,Laptop,4,319.8,2025-04-16,East,Pending,1279.2
ORD01264,CUST0169,Laptop,2,745.4,2025-07-26,North,Unknown,1490.8
ORD00981,CUST0128,Webcam,2,307.98,2025-01-05,North,Completed,615.96
ORD00923,CUST0013,Monitor,1,641.49,2025-01-20,South,Pending,641.49
ORD01767,CUST0164,Monitor,1,727.58,2025-04-15,South,Unknown,727.58
ORD01775,CUST0021,Tablet,1,890.55,2025-03-16,East,Completed,890.55
ORD01881,CUST0060,Keyboard,4,1172.66,2025-01-05,South,Completed,4690.64
ORD01414,CUST0150,Webcam,4,1015.01,2025-01-08,North,Pending,4060.04
ORD00816,CUST0168,Headphones,2,135.75,2025-04-05,West,Completed,271.5
ORD01802,CUST0208,Mouse,3,246.62,2025-08-29,East,Pending,739.86
ORD00680,CUST0244,Monitor,4,1028.43,2025-04-10,East,Pending,4113.72
ORD01094,CUST0287,Webcam,3,678.24,2025-07-03,West,Completed,2034.72
ORD00081,CUST0100,Headphones,2,547.71,2025-03-19,South,Pending,1095.42
ORD01806,CUST0070,Charger,5,623.2,2025-05-29,East,Pending,3116.0
ORD01376,CUST0182,Webcam,3,1160.83,2025-05-14,East,Unknown,3482.49
ORD01726,CUST0143,Keyboard,2,620.1,2025-02-12,North,Pending,1240.2
ORD00753,CUST0002,Keyboard,3,457.25,2025-06-13,West,Completed,1371.75
ORD01351,CUST0097,Monitor,1,149.83,2025-04-28,North,Completed,149.83
ORD01055,CUST0131,Charger,1,223.43,2025-02-22,South,Unknown,223.43
ORD00243,CUST0267,Tablet,1,1023.64,2025-07-03,West,Completed,1023.64
ORD01455,CUST0081,Webcam,5,1471.92,2025-06-17,East,Completed,7359.6
ORD00642,CUST0020,Monitor,1,671.22,2025-01-07,North,Pending,671.22
ORD00697,CUST0184,Tablet,1,1328.97,2025-04-23,South,Pending,1328.97
ORD00210,CUST0255,Laptop,1,1418.4,2025-05-10,South,Pending,1418.4
ORD00503,CUST0215,Keyboard,5,153.48,2025-05-02,North,Completed,767.4
ORD00771,CUST0058,Webcam,1,704.19,2025-05-14,West,Cancelled,704.19
ORD01799,CUST0282,Mouse,1,827.92,2025-05-28,North,Cancelled,827.92
ORD00436,CUST0195,Webcam,5,52.94,2025-06-25,South,Completed,264.7
ORD01064,CUST0215,Tablet,2,664.05,2025-04-01,North,Cancelled,1328.1
ORD00552,CUST0200,Charger,2,401.84,2025-04-19,South,Pending,803.68
ORD01430,CUST0021,Webcam,4,1077.77,2025-05-11,South,Completed,4311.08
ORD01439,CUST0195,Laptop,1,1420.95,2025-03-29,East,Pending,1420.95
ORD01014,CUST0142,Mouse,3,54.2,2025-03-02,West,Unknown,162.6
ORD01937,CUST0163,Laptop,4,968.89,2025-06-24,East,Pending,3875.56
ORD00467,CUST0151,Monitor,5,800.44,2025-05-24,North,Completed,4002.2
ORD01511,CUST0168,Laptop,1,184.77,2025-03-21,North,Unknown,184.77
ORD01581,CUST0208,Charger,4,696.27,2025-04-26,West,Completed,2785.08
ORD00278,CUST0039,Webcam,5,1155.82,2025-06-02,East,Cancelled,5779.1
ORD01070,CUST0087,Monitor,2,121.93,2025-08-03,North,Cancelled,243.86
ORD01018,CUST0002,Tablet,1,608.69,2025-08-02,North,Pending,608.69
ORD01354,CUST0079,Mouse,1,332.5,2025-02-15,North,Completed,332.5
ORD00723,CUST0051,Tablet,4,368.36,2025-05-23,South,Unknown,1473.44
ORD00787,CUST0014,Webcam,4,155.05,2025-03-30,West,Cancelled,620.2
ORD01585,CUST0081,Charger,5,653.36,2025-04-24,South,Pending,3266.8
ORD01341,CUST0128,Mouse,2,610.76,2025-08-03,North,Unknown,1221.52
ORD01486,CUST0151,Webcam,5,628.17,2025-02-10,South,Pending,3140.85
ORD01335,CUST0213,Laptop,1,1116.55,2025-05-19,South,Completed,1116.55
ORD00907,CUST0247,Headphones,5,383.82,2025-06-24,East,Unknown,1919.1
ORD00564,CUST0128,Keyboard,4,146.19,2025-06-08,East,Unknown,584.76
ORD00389,CUST0199,Charger,5,1033.73,2025-08-28,North,Pending,5168.65
ORD00023,CUST0098,Mouse,1,991.88,2025-04-01,West,Completed,991.88
ORD01252,CUST0119,Monitor,1,1350.69,2025-02-14,West,Completed,1350.69
ORD00125,CUST0213,Mouse,4,927.32,2025-08-29,North,Unknown,3709.28
ORD01276,CUST0267,Monitor,3,1115.44,2025-02-23,East,Unknown,3346.32
ORD00774,CUST0189,Keyboard,1,1498.1,2025-05-06,North,Completed,1498.1
ORD00881,CUST0174,Monitor,1,1483.61,2025-05-25,South,Unknown,1483.61
ORD01145,CUST0187,Headphones,4,619.46,2025-06-08,South,Completed,2477.84
ORD01167,CUST0203,Laptop,3,1175.47,2025-05-10,East,Unknown,3526.41
ORD00051,CUST0297,Webcam,4,668.26,2025-06-22,North,Completed,2673.04
ORD01715,CUST0249,Mouse,1,376.83,2025-04-15,South,Completed,376.83
ORD01710,CUST0028,Laptop,1,423.26,2025-05-21,East,Pending,423.26
ORD01106,CUST0097,Tablet,1,278.81,2025-03-14,East,Pending,278.81
ORD00704,CUST0206,Webcam,1,1464.02,2025-05-28,South,Cancelled,1464.02
ORD00483,CUST0163,Tablet,4,499.24,2025-06-18,South,Pending,1996.96
ORD01146,CUST0161,Webcam,1,1026.48,2025-05-10,East,Unknown,1026.48
ORD01963,CUST0150,Charger,2,1122.88,2025-02-03,East,Pending,2245.76
ORD00067,CUST0011,Keyboard,2,198.07,2025-06-21,North,Pending,396.14
ORD01764,CUST0243,Tablet,3,1428.04,2025-03-20,South,Unknown,4284.12
ORD00734,CUST0255,Keyboard,2,785.82,2025-06-10,East,Completed,1571.64
ORD01831,CUST0183,Tablet,5,1046.95,2025-01-07,North,Unknown,5234.75
ORD00802,CUST0011,Laptop,1,477.72,2025-03-18,West,Cancelled,477.72
ORD01754,CUST0205,Charger,5,503.51,2025-01-21,South,Pending,2517.55
ORD01505,CUST0085,Monitor,1,236.56,2025-06-06,East,Pending,236.56
ORD00908,CUST0145,Laptop,2,1111.38,2025-05-25,East,Completed,2222.76
ORD00032,CUST0161,Monitor,3,599.72,2025-06-21,East,Completed,1799.16
ORD00418,CUST0087,Keyboard,4,1179.96,2025-07-19,South,Pending,4719.84
ORD00633,CUST0120,Headphones,2,12.36,2025-01-07,South,Completed,24.72
ORD01601,CUST0172,Webcam,5,1281.9,2025-07-20,West,Unknown,6409.5
ORD01474,CUST0115,Webcam,5,692.05,2025-06-20,East,Pending,3460.25
ORD00065,CUST0173,Charger,3,1130.49,2025-08-01,East,Completed,3391.47
ORD01762,CUST0270,Mouse,5,433.82,2025-01-17,North,Cancelled,2169.1
ORD01648,CUST0202,Mouse,1,435.22,2025-01-08,North,Unknown,435.22
ORD00078,CUST0298,Webcam,4,834.67,2025-03-30,South,Pending,3338.68
ORD00492,CUST0266,Webcam,4,709.81,2025-04-27,North,Unknown,2839.24
ORD01445,CUST0033,Keyboard,5,461.11,2025-02-23,South,Pending,2305.55
ORD01577,CUST0244,Charger,3,1031.56,2025-04-10,South,Pending,3094.68
ORD00533,CUST0108,Charger,1,1130.77,2025-04-04,East,Completed,1130.77
ORD00066,CUST0027,Webcam,2,978.71,2025-07-19,North,Completed,1957.42
ORD01733,CUST0251,Charger,5,816.79,2025-04-14,West,Unknown,4083.95
ORD00655,CUST0053,Charger,1,1197.17,2025-03-25,South,Completed,1197.17
ORD00297,CUST0013,Tablet,1,450.19,2025-08-24,North,Unknown,450.19
ORD00592,CUST0125,Mouse,3,1167.39,2025-03-24,North,Completed,3502.17
ORD00768,CUST0035,Mouse,5,1147.23,2025-05-16,South,Pending,5736.15
ORD01286,CUST0005,Tablet,1,1449.17,2025-05-03,East,Pending,1449.17
ORD00725,CUST0293,Laptop,4,701.0,2025-02-05,West,Pending,2804.0
ORD01460,CUST0258,Tablet,3,169.18,2025-03-04,East,Unknown,507.54
ORD00627,CUST0153,Webcam,1,83.06,2025-04-17,South,Unknown,83.06
ORD01443,CUST0291,Monitor,2,391.55,2025-07-09,South,Unknown,783.1
ORD01999,CUST0067,Monitor,1,396.44,2025-01-20,East,Pending,396.44
ORD01213,CUST0052,Monitor,1,1237.86,2025-06-27,West,Pending,1237.86
ORD01843,CUST0106,Keyboard,2,1051.18,2025-01-23,South,Pending,2102.36
ORD00252,CUST0126,Laptop,4,664.05,2025-05-19,East,Completed,2656.2
ORD01870,CUST0166,Monitor,1,1324.75,2025-08-07,South,Completed,1324.75
ORD01346,CUST0225,Mouse,1,1329.4,2025-05-07,South,Pending,1329.4
ORD01955,CUST0299,Charger,4,812.98,2025-03-13,East,Pending,3251.92
ORD00983,CUST0056,Webcam,3,847.46,2025-02-18,South,Pending,2542.38
ORD01819,CUST0291,Mouse,2,1349.18,2025-03-06,East,Unknown,2698.36
ORD00707,CUST0009,Tablet,1,19.46,2025-02-15,South,Unknown,19.46
ORD00488,CUST0109,Laptop,5,398.32,2025-08-17,West,Unknown,1991.6
ORD00274,CUST0118,Monitor,1,1332.46,2025-05-02,North,Completed,1332.46
ORD01559,CUST0027,Charger,1,767.48,2025-08-06,North,Cancelled,767.48
ORD01711,CUST0217,Monitor,1,1338.05,2025-05-26,North,Completed,1338.05
ORD00964,CUST0014,Keyboard,2,113.54,2025-04-09,South,Pending,227.08
ORD00878,CUST0283,Headphones,5,517.66,2025-06-12,North,Completed,2588.3
ORD01437,CUST0187,Charger,4,931.51,2025-02-13,South,Pending,3726.04
ORD01861,CUST0150,Charger,2,538.47,2025-07-12,East,Cancelled,1076.94
ORD00412,CUST0184,Headphones,2,1262.55,2025-08-13,South,Cancelled,2525.1
ORD00668,CUST0218,Keyboard,4,769.03,2025-05-22,West,Cancelled,3076.12
ORD01263,CUST0135,Laptop,1,513.69,2025-03-08,East,Completed,513.69
ORD00150,CUST0010,Tablet,1,1294.54,2025-05-28,North,Completed,1294.54
ORD00645,CUST0045,Webcam,4,1334.89,2025-01-27,East,Unknown,5339.56
ORD01646,CUST0189,Keyboard,4,327.04,2025-05-18,South,Unknown,1308.16
ORD00219,CUST0297,Monitor,1,86.52,2025-05-03,North,Unknown,86.52
ORD00240,CUST0079,Tablet,1,1483.37,2025-04-06,South,Pending,1483.37
ORD01132,CUST0191,Charger,2,412.18,2025-01-27,East,Pending,824.36
ORD01217,CUST0181,Tablet,5,11.5,2025-08-12,West,Completed,57.5
ORD00793,CUST0153,Charger,2,940.61,2025-01-24,East,Pending,1881.22
ORD00192,CUST0228,Mouse,5,215.17,2025-04-04,East,Unknown,1075.85
ORD00334,CUST0242,Mouse,1,885.17,2025-01-04,South,Completed,885.17
ORD01353,CUST0219,Headphones,3,940.51,2025-04-14,North,Pending,2821.53
ORD01356,CUST0243,Monitor,2,13.98,2025-03-01,North,Pending,27.96
ORD00963,CUST0232,Headphones,1,265.42,2025-06-22,South,Completed,265.42
ORD01352,CUST0035,Webcam,1,843.14,2025-02-27,South,Completed,843.14
ORD01283,CUST0122,Keyboard,1,428.24,2025-06-24,North,Pending,428.24
ORD01693,CUST0066,Keyboard,1,721.76,2025-01-19,South,Pending,721.76
ORD01865,CUST0142,Webcam,1,1458.99,2025-04-30,East,Unknown,1458.99
ORD00583,CUST0262,Keyboard,1,66.23,2025-04-02,South,Cancelled,66.23
ORD01532,CUST0007,Headphones,2,1447.24,2025-08-08,West,Completed,2894.48
ORD00840,CUST0159,Keyboard,3,1001.63,2025-08-02,North,Pending,3004.89
ORD00628,CUST0294,Keyboard,4,1126.51,2025-04-03,North,Cancelled,4506.04
ORD00324,CUST0027,Charger,1,465.21,2025-06-29,West,Unknown,465.21
ORD01684,CUST0228,Mouse,1,255.01,2025-02-03,North,Pending,255.01
ORD01161,CUST0258,Mouse,1,753.7,2025-04-27,West,Cancelled,753.7
ORD00779,CUST0069,Laptop,1,1109.32,2025-08-01,West,Unknown,1109.32
ORD01077,CUST0225,Tablet,2,218.41,2025-07-11,North,Cancelled,436.82
ORD00940,CUST0102,Headphones,2,336.23,2025-03-09,South,Cancelled,672.46
ORD00438,CUST0296,Monitor,1,1310.98,2025-05-13,South,Unknown,1310.98
ORD00120,CUST0286,Webcam,1,1188.12,2025-01-04,North,Completed,1188.12
ORD01392,CUST0204,Mouse,1,352.81,2025-05-08,North,Pending,352.81
ORD01602,CUST0134,Monitor,4,429.65,2025-01-22,South,Completed,1718.6
ORD01027,CUST0295,Mouse,1,521.41,2025-08-22,South,Unknown,521.41
ORD01254,CUST0090,Webcam,1,1051.1,2025-04-07,South,Pending,1051.1
ORD01412,CUST0237,Tablet,2,803.04,2025-02-13,West,Cancelled,1606.08
ORD00077,CUST0244,Tablet,4,1191.47,2025-01-24,South,Completed,4765.88
ORD01054,CUST0066,Charger,1,829.27,2025-03-08,South,Pending,829.27
ORD00901,CUST0166,Headphones,4,1412.95,2025-08-19,North,Pending,5651.8
ORD00372,CUST0038,Webcam,1,1413.47,2025-04-12,North,Cancelled,1413.47
ORD01914,CUST0195,Mouse,2,1128.0,2025-03-02,South,Cancelled,2256.0
ORD01476,CUST0021,Keyboard,5,529.29,2025-01-18,East,Cancelled,2646.45
ORD00942,CUST0057,Webcam,2,464.56,2025-03-03,East,Cancelled,929.12
ORD00578,CUST0054,Keyboard,2,829.45,2025-05-10,South,Pending,1658.9
ORD00820,CUST0115,Monitor,2,1419.62,2025-07-28,East,Unknown,2839.24
ORD01503,CUST0262,Monitor,2,1261.62,2025-02-26,South,Unknown,2523.24
ORD01525,CUST0117,Webcam,3,160.93,2025-07-04,South,Completed,482.79
ORD01777,CUST0115,Tablet,3,457.42,2025-06-16,East,Pending,1372.26
ORD01413,CUST0293,Mouse,1,734.94,2025-03-30,South,Unknown,734.94
ORD00887,CUST0067,Mouse,1,326.84,2025-05-02,South,Pending,326.84
ORD00969,CUST0252,Tablet,4,868.44,2025-07-08,East,Unknown,3473.76
ORD01637,CUST0193,Laptop,1,657.05,2025-03-24,South,Cancelled,657.05
ORD00786,CUST0146,Webcam,1,51.94,2025-01-12,East,Cancelled,51.94
ORD01624,CUST0145,Webcam,1,566.3,2025-06-26,East,Pending,566.3
ORD01954,CUST0179,Charger,2,1336.38,2025-08-28,North,Completed,2672.76
ORD01650,CUST0153,Monitor,5,1228.61,2025-04-03,North,Unknown,6143.05
ORD00302,CUST0110,Monitor,3,1130.96,2025-07-27,North,Completed,3392.88
ORD00690,CUST0074,Charger,2,924.81,2025-01-28,South,Cancelled,1849.62
ORD00813,CUST0168,Tablet,1,50.75,2025-01-14,South,Pending,50.75
ORD01062,CUST0283,Charger,4,892.54,2025-03-08,South,Pending,3570.16
ORD01378,CUST0148,Monitor,3,1052.48,2025-05-09,East,Unknown,3157.44
ORD00237,CUST0128,Laptop,3,581.53,2025-04-25,East,Cancelled,1744.59
ORD01116,CUST0077,Headphones,5,1228.17,2025-03-31,East,Completed,6140.85
ORD01776,CUST0209,Mouse,4,1246.03,2025-04-17,North,Pending,4984.12
ORD00500,CUST0146,Mouse,2,679.31,2025-05-01,South,Pending,1358.62
ORD01698,CUST0021,Webcam,3,595.97,2025-04-29,East,Cancelled,1787.91
ORD01080,CUST0066,Webcam,4,757.77,2025-08-25,East,Completed,3031.08
ORD01327,CUST0163,Charger,4,1215.46,2025-04-19,East,Completed,4861.84
ORD00795,CUST0277,Webcam,2,627.33,2025-03-06,North,Completed,1254.66
ORD01976,CUST0253,Monitor,2,1214.28,2025-03-16,North,Pending,2428.56
ORD01568,CUST0104,Mouse,5,1271.22,2025-02-21,North,Completed,6356.1
ORD01984,CUST0155,Monitor,4,971.66,2025-07-28,East,Pending,3886.64
ORD00991,CUST0228,Webcam,2,424.41,2025-06-14,North,Completed,848.82
ORD01404,CUST0168,Webcam,1,228.66,2025-07-05,East,Completed,228.66
ORD00935,CUST0103,Monitor,1,518.91,2025-06-20,South,Unknown,518.91
ORD00388,CUST0050,Mouse,1,522.25,2025-05-19,East,Pending,522.25
ORD01709,CUST0219,Tablet,5,171.04,2025-04-22,East,Completed,855.2
ORD00391,CUST0217,Mouse,1,658.74,2025-07-30,South,Pending,658.74
ORD00744,CUST0206,Monitor,4,542.52,2025-03-25,North,Unknown,2170.08
ORD00353,CUST0120,Mouse,2,212.81,2025-07-17,North,Pending,425.62
ORD01218,CUST0149,Monitor,5,759.69,2025-07-13,East,Completed,3798.45
ORD00236,CUST0208,Charger,5,498.61,2025-04-13,North,Pending,2493.05
ORD01750,CUST0170,Webcam,5,241.84,2025-06-24,North,Pending,1209.2
ORD00481,CUST0282,Tablet,1,829.0,2025-03-16,North,Cancelled,829.0
ORD00568,CUST0141,Keyboard,1,801.39,2025-04-26,East,Cancelled,801.39
ORD01141,CUST0199,Monitor,2,1495.54,2025-06-05,South,Pending,2991.08
ORD01724,CUST0300,Monitor,1,1468.95,2025-04-04,East,Pending,1468.95
ORD01915,CUST0294,Webcam,4,190.68,2025-02-25,North,Unknown,762.72
ORD01605,CUST0037,Keyboard,5,942.93,2025-08-12,South,Cancelled,4714.65
ORD00121,CUST0135,Charger,1,1411.03,2025-01-28,South,Completed,1411.03
ORD01389,CUST0242,Charger,4,1062.27,2025-07-15,West,Pending,4249.08
ORD01772,CUST0254,Headphones,2,1083.97,2025-04-17,East,Completed,2167.94
ORD01025,CUST0015,Keyboard,3,1354.95,2025-07-16,South,Unknown,4064.85
ORD01087,CUST0262,Charger,1,86.97,2025-01-29,East,Cancelled,86.97
ORD01273,CUST0279,Monitor,4,1060.83,2025-07-28,East,Pending,4243.32
ORD00927,CUST0034,Keyboard,1,1379.48,2025-04-24,East,Pending,1379.48
ORD00516,CUST0266,Headphones,2,60.08,2025-06-03,North,Unknown,120.16
ORD00224,CUST0248,Monitor,2,425.72,2025-03-18,East,Cancelled,851.44
ORD01512,CUST0225,Headphones,1,816.48,2025-06-06,South,Completed,816.48
ORD00844,CUST0154,Monitor,5,647.32,2025-05-26,North,Completed,3236.6
ORD01246,CUST0298,Headphones,1,971.21,2025-08-17,North,Completed,971.21
ORD00053,CUST0159,Monitor,2,229.56,2025-01-12,West,Pending,459.12
ORD01894,CUST0289,Laptop,4,937.1,2025-01-06,West,Pending,3748.4
ORD00486,CUST0283,Mouse,2,971.87,2025-01-21,East,Pending,1943.74
ORD01967,CUST0105,Tablet,3,46.1,2025-02-12,West,Pending,138.3
ORD00819,CUST0189,Keyboard,5,184.85,2025-07-03,West,Completed,924.25
ORD01680,CUST0260,Tablet,1,758.09,2025-04-29,South,Pending,758.09
ORD00156,CUST0166,Webcam,2,665.25,2025-05-01,South,Cancelled,1330.5
ORD01367,CUST0068,Mouse,4,1252.76,2025-01-31,West,Unknown,5011.04
ORD00601,CUST0096,Monitor,5,1450.52,2025-05-24,North,Completed,7252.6
ORD01644,CUST0203,Laptop,5,1150.65,2025-05-07,South,Unknown,5753.25
ORD00249,CUST0115,Laptop,1,1467.95,2025-04-29,South,Pending,1467.95
ORD00762,CUST0160,Webcam,2,1227.39,2025-08-16,North,Cancelled,2454.78
ORD01878,CUST0123,Tablet,3,509.43,2025-04-18,North,Cancelled,1528.29
ORD01131,CUST0287,Mouse,1,707.97,2025-03-22,South,Completed,707.97
ORD00543,CUST0086,Keyboard,1,196.31,2025-03-02,East,Unknown,196.31
ORD00794,CUST0035,Tablet,4,322.51,2025-07-23,South,Cancelled,1290.04
ORD01142,CUST0008,Keyboard,3,825.23,2025-07-24,West,Completed,2475.69
ORD01490,CUST0115,Mouse,4,1482.41,2025-01-29,West,Completed,5929.64
ORD00629,CUST0035,Charger,5,106.74,2025-05-01,North,Unknown,533.7
ORD00151,CUST0059,Charger,1,1449.64,2025-02-13,West,Unknown,1449.64
ORD01683,CUST0091,Charger,1,460.39,2025-02-27,East,Unknown,460.39
ORD00292,CUST0194,Mouse,4,1486.14,2025-05-03,West,Pending,5944.56
ORD00382,CUST0223,Keyboard,1,160.87,2025-02-22,West,Unknown,160.87
ORD00687,CUST0130,Headphones,4,994.11,2025-01-20,West,Cancelled,3976.44
ORD01368,CUST0279,Headphones,2,986.11,2025-07-08,East,Unknown,1972.22
ORD01225,CUST0291,Webcam,3,174.18,2025-01-03,South,Pending,522.54
ORD00898,CUST0012,Webcam,4,278.96,2025-01-07,East,Completed,1115.84
ORD00855,CUST0201,Laptop,3,21.73,2025-06-11,West,Completed,65.19
ORD00555,CUST0078,Laptop,5,42.98,2025-01-27,East,Pending,214.9
ORD01565,CUST0250,Headphones,5,25.54,2025-06-27,North,Unknown,127.7
ORD01730,CUST0140,Laptop,5,761.72,2025-01-15,South,Pending,3808.6
ORD00892,CUST0068,Keyboard,5,958.33,2025-07-14,South,Completed,4791.65
ORD01801,CUST0071,Mouse,1,1423.99,2025-05-31,North,Completed,1423.99
ORD00536,CUST0250,Headphones,3,847.59,2025-05-26,West,Completed,2542.77
ORD01365,CUST0016,Tablet,5,952.04,2025-05-06,West,Unknown,4760.2
ORD00616,CUST0021,Charger,5,1150.09,2025-01-13,East,Completed,5750.45
ORD00155,CUST0091,Tablet,4,1134.12,2025-07-14,West,Unknown,4536.48
ORD01194,CUST0207,Laptop,5,1377.87,2025-01-11,South,Completed,6889.35
ORD01757,CUST0121,Headphones,2,919.75,2025-02-12,South,Pending,1839.5
ORD01827,CUST0210,Mouse,3,968.1,2025-08-16,South,Completed,2904.3
ORD00323,CUST0155,Keyboard,3,149.08,2025-04-03,North,Cancelled,447.24
ORD01587,CUST0067,Tablet,3,919.43,2025-07-15,North,Unknown,2758.29
ORD00083,CUST0226,Webcam,2,1448.59,2025-03-06,North,Completed,2897.18
ORD00513,CUST0027,Keyboard,4,1447.21,2025-01-02,East,Pending,5788.84
ORD01564,CUST0140,Charger,1,25.24,2025-07-30,West,Cancelled,25.24
ORD01521,CUST0222,Laptop,2,854.73,2025-01-07,East,Completed,1709.46
ORD00930,CUST0014,Tablet,5,499.01,2025-02-19,North,Completed,2495.05
ORD01674,CUST0154,Webcam,4,568.62,2025-03-19,North,Pending,2274.48
ORD01358,CUST0155,Mouse,2,844.62,2025-04-07,South,Completed,1689.24
ORD00011,CUST0288,Headphones,1,881.03,2025-08-18,West,Cancelled,881.03
ORD00832,CUST0076,Mouse,3,149.43,2025-08-11,South,Pending,448.29
ORD00033,CUST0038,Laptop,4,935.53,2025-05-25,North,Pending,3742.12
ORD01551,CUST0150,Mouse,3,1027.72,2025-06-01,South,Completed,3083.16
ORD00414,CUST0216,Webcam,3,398.23,2025-03-17,East,Completed,1194.69
ORD00581,CUST0204,Laptop,1,61.65,2025-03-14,North,Pending,61.65
ORD01407,CUST0125,Laptop,3,864.27,2025-02-25,East,Unknown,2592.81
ORD01590,CUST0244,Webcam,1,271.07,2025-03-19,East,Pending,271.07
ORD01527,CUST0082,Keyboard,3,33.73,2025-02-18,East,Pending,101.19
ORD01958,CUST0061,Mouse,1,647.88,2025-03-27,South,Completed,647.88
ORD00615,CUST0020,Mouse,4,690.78,2025-08-13,South,Pending,2763.12
ORD01046,CUST0223,Headphones,5,196.6,2025-03-25,South,Pending,983.0
ORD01403,CUST0141,Webcam,4,1036.6,2025-03-04,East,Pending,4146.4
ORD01015,CUST0137,Laptop,1,877.84,2025-01-11,South,Pending,877.84
ORD00090,CUST0292,Headphones,4,195.29,2025-06-26,South,Completed,781.16
ORD01744,CUST0290,Mouse,2,1400.09,2025-04-07,South,Unknown,2800.18
ORD00602,CUST0171,Tablet,4,1119.14,2025-01-05,South,Cancelled,4476.56
ORD01238,CUST0028,Monitor,5,224.79,2025-07-09,South,Pending,1123.95
ORD01889,CUST0034,Headphones,3,865.39,2025-08-28,South,Completed,2596.17
ORD00134,CUST0076,Mouse,2,419.77,2025-06-12,North,Unknown,839.54
ORD01371,CUST0210,Keyboard,1,1122.77,2025-08-03,East,Cancelled,1122.77
ORD00556,CUST0120,Mouse,2,31.94,2025-02-25,West,Cancelled,63.88
ORD01032,CUST0113,Tablet,1,689.12,2025-06-03,South,Unknown,689.12
ORD01606,CUST0063,Laptop,1,216.69,2025-08-24,North,Pending,216.69
ORD00321,CUST0290,Tablet,3,1342.29,2025-07-15,North,Completed,4026.87
ORD01818,CUST0268,Headphones,1,157.26,2025-08-09,North,Cancelled,157.26
ORD01212,CUST0137,Monitor,1,802.88,2025-03-12,North,Unknown,802.88
ORD01783,CUST0132,Charger,2,1359.87,2025-02-22,South,Cancelled,2719.74
ORD00635,CUST0131,Mouse,3,457.42,2025-05-21,East,Completed,1372.26
ORD00553,CUST0140,Headphones,1,1116.96,2025-07-27,West,Pending,1116.96
ORD01329,CUST0169,Keyboard,5,814.25,2025-07-04,East,Completed,4071.25
ORD01056,CUST0099,Webcam,5,989.4,2025-07-30,North,Pending,4947.0
ORD01643,CUST0246,Laptop,1,336.31,2025-03-01,East,Pending,336.31
ORD00797,CUST0223,Laptop,5,308.97,2025-04-29,South,Pending,1544.85
ORD01704,CUST0278,Webcam,2,1199.07,2025-05-29,South,Completed,2398.14
ORD01755,CUST0034,Webcam,1,659.08,2025-07-28,South,Completed,659.08
ORD00175,CUST0071,Laptop,3,1376.92,2025-05-01,East,Pending,4130.76
ORD00767,CUST0075,Headphones,5,528.28,2025-02-11,East,Unknown,2641.4
ORD00246,CUST0033,Laptop,1,1479.34,2025-05-01,East,Completed,1479.34
ORD01081,CUST0011,Keyboard,2,522.74,2025-01-04,South,Completed,1045.48
ORD01782,CUST0169,Monitor,4,40.83,2025-02-03,South,Cancelled,163.32
ORD00146,CUST0218,Tablet,5,668.65,2025-03-11,East,Pending,3343.25
ORD00091,CUST0253,Tablet,1,901.07,2025-08-16,South,Cancelled,901.07
ORD01417,CUST0293,Headphones,2,1298.69,2025-07-16,West,Pending,2597.38
ORD00311,CUST0059,Headphones,5,1236.69,2025-04-04,East,Completed,6183.45
ORD01384,CUST0120,Mouse,4,644.58,2025-03-10,West,Pending,2578.32
ORD00094,CUST0054,Keyboard,3,623.35,2025-05-07,South,Completed,1870.05
ORD00925,CUST0127,Mouse,4,365.16,2025-03-29,East,Cancelled,1460.64
ORD00809,CUST0274,Monitor,4,588.82,2025-08-21,East,Cancelled,2355.28
ORD01036,CUST0012,Charger,3,639.43,2025-05-02,East,Completed,1918.29
ORD01401,CUST0009,Tablet,3,453.55,2025-01-10,North,Cancelled,1360.65
ORD00244,CUST0029,Tablet,2,774.74,2025-04-27,North,Pending,1549.48
ORD01501,CUST0049,Monitor,4,1246.82,2025-01-31,South,Cancelled,4987.28
ORD01112,CUST0152,Mouse,5,1330.82,2025-04-17,North,Pending,6654.1
ORD00215,CUST0261,Charger,5,69.98,2025-01-10,South,Cancelled,349.9
ORD01198,CUST0224,Monitor,2,141.14,2025-07-05,East,Pending,282.28
ORD00999,CUST0132,Charger,4,465.71,2025-03-14,North,Pending,1862.84
ORD00854,CUST0228,Tablet,4,39.25,2025-04-26,South,Pending,157.0
ORD00426,CUST0079,Monitor,1,1031.75,2025-01-03,West,Unknown,1031.75
ORD01810,CUST0057,Laptop,4,169.36,2025-02-22,South,Pending,677.44
ORD01143,CUST0152,Keyboard,1,427.37,2025-04-04,North,Completed,427.37
ORD01144,CUST0133,Tablet,3,1147.09,2025-04-24,South,Completed,3441.27
ORD00227,CUST0178,Tablet,1,392.1,2025-05-03,South,Pending,392.1
ORD01669,CUST0172,Tablet,1,494.98,2025-08-03,North,Completed,494.98
ORD00001,CUST0058,Laptop,1,419.79,2025-02-27,South,Completed,419.79
ORD00402,CUST0064,Laptop,2,564.98,2025-06-02,South,Completed,1129.96
ORD01429,CUST0274,Laptop,4,726.4,2025-07-05,East,Completed,2905.6
ORD01104,CUST0227,Monitor,3,410.5,2025-05-29,East,Completed,1231.5
ORD00085,CUST0116,Charger,4,1363.67,2025-03-18,West,Cancelled,5454.68
ORD00163,CUST0073,Webcam,3,1451.87,2025-06-28,West,Pending,4355.61
ORD00115,CUST0026,Tablet,3,1165.85,2025-02-28,East,Cancelled,3497.55
ORD00671,CUST0144,Tablet,5,126.57,2025-08-16,North,Pending,632.85
ORD01175,CUST0194,Headphones,1,87.11,2025-01-22,South,Completed,87.11
ORD01566,CUST0115,Mouse,1,180.43,2025-02-10,North,Pending,180.43
ORD01554,CUST0246,Mouse,5,145.52,2025-06-17,North,Pending,727.6
ORD01393,CUST0197,Keyboard,4,234.61,2025-03-21,South,Completed,938.44
ORD00890,CUST0157,Headphones,2,282.78,2025-07-09,North,Completed,565.56
ORD01502,CUST0232,Charger,5,1476.62,2025-01-22,South,Completed,7383.1
ORD00626,CUST0095,Keyboard,1,983.38,2025-01-10,East,Completed,983.38
ORD01569,CUST0118,Laptop,4,284.87,2025-07-15,East,Completed,1139.48
ORD00953,CUST0041,Headphones,2,156.63,2025-01-19,North,Pending,313.26
ORD00808,CUST0028,Monitor,3,833.56,2025-03-21,South,Cancelled,2500.68
ORD00259,CUST0021,Mouse,2,1208.93,2025-05-31,South,Pending,2417.86
ORD00625,CUST0041,Laptop,2,1324.43,2025-03-13,South,Pending,2648.86
ORD00827,CUST0163,Charger,2,398.0,2025-03-22,South,Completed,796.0
ORD00235,CUST0132,Keyboard,1,1107.56,2025-07-22,North,Unknown,1107.56
ORD00136,CUST0283,Monitor,4,682.82,2025-02-28,East,Completed,2731.28
ORD00617,CUST0147,Tablet,2,639.47,2025-06-06,South,Pending,1278.94
ORD01980,CUST0266,Monitor,2,232.37,2025-07-27,East,Completed,464.74
ORD00837,CUST0292,Keyboard,2,1296.29,2025-07-25,East,Cancelled,2592.58
ORD00843,CUST0254,Mouse,3,707.65,2025-01-21,East,Pending,2122.95
ORD00960,CUST0174,Monitor,4,644.32,2025-07-12,East,Unknown,2577.28
ORD00593,CUST0188,Webcam,2,487.9,2025-06-02,North,Cancelled,975.8
ORD01315,CUST0219,Tablet,5,198.01,2025-04-27,North,Unknown,990.05
ORD01526,CUST0096,Charger,2,404.37,2025-07-01,East,Cancelled,808.74
ORD01563,CUST0133,Charger,1,860.1,2025-08-10,East,Pending,860.1
ORD01292,CUST0213,Mouse,1,645.45,2025-03-14,North,Cancelled,645.45
ORD00344,CUST0165,Monitor,4,1374.62,2025-03-23,East,Completed,5498.48
ORD01692,CUST0246,Monitor,1,266.9,2025-05-22,South,Pending,266.9
ORD01616,CUST0251,Webcam,5,1498.66,2025-02-18,North,Pending,7493.3
ORD00294,CUST0128,Webcam,2,974.03,2025-01-12,South,Unknown,1948.06
ORD00365,CUST0164,Monitor,1,1344.69,2025-07-19,North,Completed,1344.69
ORD00179,CUST0124,Charger,2,999.91,2025-01-22,East,Completed,1999.82
ORD00660,CUST0032,Mouse,2,1227.38,2025-08-16,East,Unknown,2454.76
ORD00997,CUST0185,Charger,4,259.97,2025-04-23,North,Pending,1039.88
ORD00015,CUST0135,Keyboard,5,1369.82,2025-08-11,East,Unknown,6849.1
ORD01111,CUST0125,Laptop,5,1041.14,2025-06-10,North,Completed,5205.7
ORD01395,CUST0208,Laptop,2,485.35,2025-05-28,West,Unknown,970.7
ORD00166,CUST0175,Tablet,2,347.55,2025-02-05,North,Cancelled,695.1
ORD01932,CUST0034,Mouse,3,526.7,2025-06-10,North,Completed,1580.1
ORD01360,CUST0287,Tablet,4,1045.7,2025-03-06,North,Pending,4182.8
ORD00060,CUST0170,Tablet,4,102.78,2025-08-02,West,Pending,411.12
ORD00710,CUST0121,Monitor,1,1480.04,2025-01-25,East,Pending,1480.04
ORD00677,CUST0090,Headphones,1,361.93,2025-02-16,East,Completed,361.93
ORD01379,CUST0108,Headphones,2,706.86,2025-01-09,North,Unknown,1413.72
ORD00781,CUST0104,Headphones,1,751.87,2025-05-10,North,Cancelled,751.87
ORD00425,CUST0056,Laptop,1,1037.73,2025-04-17,West,Completed,1037.73
ORD00293,CUST0215,Laptop,3,1055.44,2025-07-27,North,Unknown,3166.32
ORD01066,CUST0040,Monitor,1,256.02,2025-01-15,South,Cancelled,256.02
ORD01839,CUST0275,Tablet,1,1313.34,2025-01-30,South,Completed,1313.34
ORD00330,CUST0162,Keyboard,2,422.68,2025-01-22,North,Pending,845.36
ORD00430,CUST0077,Mouse,5,121.82,2025-07-05,East,Unknown,609.1
ORD01013,CUST0210,Tablet,1,1370.33,2025-01-28,South,Completed,1370.33
ORD00080,CUST0095,Monitor,2,1110.52,2025-03-12,North,Pending,2221.04
ORD01053,CUST0097,Keyboard,3,1285.57,2025-02-25,North,Pending,3856.71
ORD00938,CUST0170,Charger,2,606.47,2025-07-31,East,Completed,1212.94
ORD00835,CUST0192,Mouse,3,239.13,2025-01-21,East,Unknown,717.39
ORD00750,CUST0269,Webcam,1,1400.4,2025-06-01,North,Completed,1400.4
ORD00891,CUST0023,Charger,4,863.86,2025-05-25,East,Completed,3455.44
ORD00255,CUST0219,Tablet,1,1458.71,2025-06-14,West,Pending,1458.71
ORD01780,CUST0157,Laptop,4,1483.41,2025-02-24,South,Pending,5933.64
ORD01469,CUST0259,Webcam,5,743.09,2025-05-28,South,Completed,3715.45
ORD01338,CUST0274,Monitor,4,35.65,2025-05-08,West,Cancelled,142.6
ORD01109,CUST0043,Headphones,2,1408.51,2025-06-03,East,Completed,2817.02
ORD00137,CUST0161,Charger,3,1001.01,2025-04-06,South,Completed,3003.03
ORD01136,CUST0162,Charger,1,540.2,2025-02-03,South,Completed,540.2
ORD01219,CUST0172,Tablet,4,1104.87,2025-05-20,South,Completed,4419.48
ORD00853,CUST0045,Headphones,4,230.77,2025-04-19,North,Pending,923.08
ORD01203,CUST0125,Monitor,1,126.24,2025-05-07,South,Completed,126.24
ORD01938,CUST0016,Webcam,4,577.6,2025-06-08,South,Completed,2310.4
ORD00724,CUST0184,Headphones,2,974.98,2025-01-24,West,Unknown,1949.96
ORD00860,CUST0240,Keyboard,3,1087.26,2025-04-10,East,Unknown,3261.78
ORD00970,CUST0153,Charger,5,1236.91,2025-08-06,West,Pending,6184.55
ORD00497,CUST0059,Tablet,1,723.43,2025-02-23,South,Unknown,723.43
ORD00951,CUST0263,Webcam,4,682.22,2025-04-21,East,Completed,2728.88
ORD00806,CUST0029,Tablet,5,568.31,2025-01-29,North,Completed,2841.55
ORD00609,CUST0097,Mouse,2,285.27,2025-07-15,North,Cancelled,570.54
ORD01149,CUST0239,Mouse,1,278.61,2025-01-28,East,Completed,278.61
ORD00196,CUST0154,Keyboard,1,1067.25,2025-06-29,South,Cancelled,1067.25
ORD01251,CUST0024,Laptop,1,247.18,2025-01-25,North,Completed,247.18
ORD01293,CUST0209,Webcam,4,1414.29,2025-03-17,North,Pending,5657.16
ORD00910,CUST0232,Headphones,2,996.79,2025-03-24,South,Completed,1993.58
ORD00585,CUST0248,Keyboard,4,1240.3,2025-06-26,North,Completed,4961.2
ORD00104,CUST0196,Charger,1,1190.67,2025-06-16,West,Completed,1190.67
ORD01618,CUST0198,Charger,1,1311.31,2025-07-21,West,Unknown,1311.31
ORD01901,CUST0098,Webcam,5,511.91,2025-08-25,East,Pending,2559.55
ORD01971,CUST0226,Mouse,1,708.47,2025-01-17,South,Pending,708.47
ORD00720,CUST0268,Tablet,2,891.46,2025-08-03,East,Completed,1782.92
ORD00885,CUST0270,Charger,5,842.86,2025-07-19,East,Cancelled,4214.3
ORD00777,CUST0143,Headphones,1,1415.41,2025-04-02,South,Pending,1415.41
ORD01570,CUST0225,Keyboard,4,899.53,2025-01-11,North,Pending,3598.12
ORD00850,CUST0250,Headphones,5,1221.57,2025-06-07,South,Unknown,6107.85
ORD00895,CUST0287,Mouse,2,1433.2,2025-05-19,East,Completed,2866.4
ORD00228,CUST0140,Keyboard,1,927.36,2025-05-31,South,Completed,927.36
ORD01934,CUST0277,Keyboard,1,1401.52,2025-04-26,West,Completed,1401.52
ORD01326,CUST0015,Headphones,3,766.16,2025-08-16,North,Pending,2298.48
ORD01300,CUST0186,Tablet,5,353.22,2025-07-21,South,Pending,1766.1
ORD00127,CUST0063,Tablet,1,997.53,2025-06-14,North,Completed,997.53
ORD00406,CUST0141,Charger,4,1278.86,2025-04-28,South,Completed,5115.44
ORD00776,CUST0034,Webcam,2,514.56,2025-06-02,North,Pending,1029.12
ORD00822,CUST0135,Monitor,5,681.96,2025-03-05,North,Unknown,3409.8
ORD00712,CUST0023,Laptop,1,552.65,2025-02-23,East,Cancelled,552.65
ORD01942,CUST0085,Headphones,1,1029.86,2025-08-23,South,Pending,1029.86
ORD01061,CUST0025,Keyboard,3,1420.3,2025-04-10,East,Unknown,4260.9
ORD01164,CUST0051,Mouse,1,143.56,2025-01-05,West,Completed,143.56
ORD00304,CUST0199,Charger,5,180.21,2025-04-01,North,Pending,901.05
ORD00268,CUST0259,Tablet,3,100.07,2025-06-13,North,Completed,300.21
ORD01558,CUST0089,Webcam,1,81.45,2025-01-08,East,Completed,81.45
ORD00546,CUST0227,Keyboard,2,794.85,2025-02-13,North,Unknown,1589.7
ORD00213,CUST0100,Webcam,5,440.02,2025-04-09,West,Pending,2200.1
ORD00897,CUST0297,Tablet,1,1212.31,2025-06-05,West,Pending,1212.31
ORD01493,CUST0074,Monitor,1,132.46,2025-01-25,West,Cancelled,132.46
ORD01223,CUST0279,Tablet,5,270.68,2025-08-22,East,Cancelled,1353.4
ORD00917,CUST0203,Mouse,3,857.96,2025-05-07,North,Pending,2573.88
ORD01552,CUST0173,Tablet,1,826.49,2025-04-10,North,Unknown,826.49
ORD01290,CUST0132,Laptop,1,1268.95,2025-08-06,North,Unknown,1268.95
ORD00815,CUST0067,Charger,3,682.72,2025-08-12,South,Cancelled,2048.16
ORD01266,CUST0022,Mouse,1,749.93,2025-02-27,East,Completed,749.93
ORD00343,CUST0197,Keyboard,2,1397.43,2025-08-08,North,Unknown,2794.86
ORD00550,CUST0070,Webcam,3,709.1,2025-01-03,West,Completed,2127.3
ORD01411,CUST0169,Charger,4,1395.51,2025-01-04,East,Cancelled,5582.04
ORD01215,CUST0123,Keyboard,3,1025.35,2025-02-12,East,Completed,3076.05
ORD00967,CUST0244,Keyboard,5,866.89,2025-03-21,South,Pending,4334.45
ORD01231,CUST0072,Monitor,3,212.18,2025-05-22,East,Cancelled,636.54
ORD00296,CUST0295,Monitor,4,567.44,2025-04-29,North,Unknown,2269.76
ORD00696,CUST0104,Keyboard,5,68.6,2025-04-09,South,Cancelled,343.0
ORD01453,CUST0119,Monitor,3,757.65,2025-03-23,West,Completed,2272.95
ORD00074,CUST0045,Headphones,4,373.36,2025-04-29,North,Unknown,1493.44
ORD00606,CUST0071,Monitor,2,470.41,2025-06-30,South,Completed,940.82
ORD00105,CUST0170,Mouse,4,158.57,2025-08-22,North,Unknown,634.28
ORD00646,CUST0160,Monitor,3,308.83,2025-03-15,North,Cancelled,926.49
ORD01405,CUST0041,Webcam,1,1126.41,2025-04-19,North,Pending,1126.41
ORD01041,CUST0243,Keyboard,1,184.85,2025-05-12,East,Pending,184.85
ORD00440,CUST0006,Keyboard,5,1274.78,2025-08-07,East,Pending,6373.9
ORD01020,CUST0165,Laptop,1,546.71,2025-01-12,East,Unknown,546.71
ORD00092,CUST0118,Laptop,1,1233.92,2025-05-28,East,Pending,1233.92
ORD01113,CUST0076,Webcam,1,437.4,2025-08-24,West,Unknown,437.4
ORD01803,CUST0292,Mouse,1,1220.25,2025-05-01,South,Unknown,1220.25
ORD00909,CUST0072,Headphones,4,324.17,2025-05-10,South,Cancelled,1296.68
ORD01475,CUST0296,Keyboard,2,1161.76,2025-02-22,South,Completed,2323.52
ORD00103,CUST0165,Monitor,1,365.82,2025-04-09,East,Completed,365.82
ORD00239,CUST0160,Mouse,1,1375.03,2025-03-17,North,Pending,1375.03
ORD01749,CUST0176,Webcam,4,1433.95,2025-03-08,North,Pending,5735.8
ORD00943,CUST0223,Mouse,1,225.2,2025-08-25,East,Pending,225.2
ORD01271,CUST0008,Monitor,1,124.15,2025-02-02,South,Cancelled,124.15
ORD00939,CUST0059,Keyboard,3,666.21,2025-06-11,East,Cancelled,1998.63
ORD01739,CUST0152,Webcam,1,532.33,2025-08-21,South,Completed,532.33
ORD01182,CUST0065,Headphones,3,727.55,2025-01-24,South,Pending,2182.65
ORD01504,CUST0078,Laptop,5,550.36,2025-02-28,North,Pending,2751.8
ORD01670,CUST0113,Webcam,1,617.92,2025-07-12,South,Unknown,617.92
ORD00006,CUST0024,Monitor,3,1477.98,2025-08-07,East,Completed,4433.94
ORD01867,CUST0182,Monitor,5,394.0,2025-03-22,North,Completed,1970.0
ORD00966,CUST0067,Charger,4,1117.28,2025-04-10,South,Pending,4469.12
ORD00019,CUST0109,Monitor,1,474.46,2025-06-21,East,Completed,474.46
ORD01431,CUST0075,Headphones,5,1132.83,2025-01-29,South,Cancelled,5664.15
ORD00122,CUST0288,Webcam,5,339.84,2025-01-17,East,Completed,1699.2
ORD00275,CUST0279,Laptop,2,1393.86,2025-03-22,South,Pending,2787.72
ORD00434,CUST0234,Headphones,4,1037.95,2025-05-03,South,Pending,4151.8
ORD00812,CUST0217,Mouse,2,1050.74,2025-05-10,East,Completed,2101.48
ORD01301,CUST0276,Monitor,4,1014.42,2025-06-20,North,Cancelled,4057.68
ORD01336,CUST0100,Headphones,3,643.48,2025-07-10,East,Cancelled,1930.44
ORD01921,CUST0225,Monitor,4,1301.21,2025-03-01,South,Completed,5204.84
ORD01944,CUST0176,Webcam,1,343.09,2025-08-29,North,Pending,343.09
ORD01571,CUST0023,Laptop,2,518.61,2025-03-06,East,Completed,1037.22
ORD00182,CUST0023,Webcam,5,514.44,2025-06-14,East,Unknown,2572.2
ORD00185,CUST0147,Webcam,1,1300.04,2025-03-26,North,Cancelled,1300.04
ORD00407,CUST0204,Mouse,1,772.16,2025-06-19,North,Unknown,772.16
ORD00866,CUST0225,Tablet,1,1462.24,2025-07-20,North,Completed,1462.24
ORD01631,CUST0140,Webcam,4,1478.07,2025-06-04,South,Unknown,5912.28
ORD01717,CUST0229,Monitor,2,159.55,2025-01-21,South,Completed,319.1
ORD00521,CUST0263,Headphones,5,1221.59,2025-05-28,South,Completed,6107.95
ORD01004,CUST0125,Tablet,1,1382.99,2025-04-03,South,Unknown,1382.99
ORD00381,CUST0039,Mouse,3,895.11,2025-06-07,South,Completed,2685.33
ORD01435,CUST0082,Headphones,4,1072.49,2025-06-22,South,Unknown,4289.96
ORD01659,CUST0255,Charger,4,624.51,2025-01-04,North,Unknown,2498.04
ORD01394,CUST0216,Keyboard,2,603.34,2025-05-13,West,Completed,1206.68
ORD01425,CUST0151,Mouse,1,318.44,2025-04-29,South,Unknown,318.44
ORD01613,CUST0177,Laptop,5,1135.92,2025-04-21,South,Unknown,5679.6
ORD00428,CUST0103,Headphones,5,1459.95,2025-04-02,West,Cancelled,7299.75
ORD00079,CUST0139,Headphones,3,353.5,2025-07-04,East,Completed,1060.5
ORD01598,CUST0164,Keyboard,1,977.61,2025-06-29,East,Completed,977.61
ORD01010,CUST0252,Laptop,1,114.06,2025-06-28,North,Completed,114.06
ORD01662,CUST0119,Laptop,3,552.41,2025-06-03,West,Completed,1657.23
ORD00608,CUST0016,Webcam,4,1442.18,2025-03-19,South,Unknown,5768.72
ORD01833,CUST0152,Tablet,1,995.88,2025-02-27,South,Completed,995.88
ORD01058,CUST0209,Mouse,3,963.86,2025-04-03,East,Cancelled,2891.58
ORD01441,CUST0269,Monitor,1,311.77,2025-06-20,West,Unknown,311.77
ORD01515,CUST0254,Charger,4,94.41,2025-01-27,East,Unknown,377.64
ORD01586,CUST0140,Keyboard,1,608.8,2025-07-20,South,Completed,608.8
ORD01092,CUST0098,Monitor,1,674.2,2025-01-26,North,Pending,674.2
ORD01102,CUST0151,Webcam,1,942.67,2025-01-03,South,Unknown,942.67
ORD01130,CUST0194,Keyboard,1,325.68,2025-06-08,South,Completed,325.68
ORD01236,CUST0266,Tablet,1,136.14,2025-03-11,North,Cancelled,136.14
ORD01815,CUST0008,Tablet,5,107.29,2025-04-27,East,Unknown,536.45
ORD00959,CUST0192,Keyboard,5,1311.89,2025-03-20,North,Completed,6559.45
ORD01663,CUST0191,Keyboard,3,1105.44,2025-03-30,South,Pending,3316.32
ORD00560,CUST0107,Tablet,4,1025.35,2025-03-21,South,Unknown,4101.4
ORD00847,CUST0214,Headphones,3,884.94,2025-04-27,West,Pending,2654.82
ORD01793,CUST0070,Tablet,4,834.84,2025-05-22,East,Cancelled,3339.36
ORD01520,CUST0202,Laptop,3,974.16,2025-04-23,North,Pending,2922.48
ORD01993,CUST0234,Headphones,5,164.41,2025-07-15,South,Completed,822.05
ORD01919,CUST0008,Keyboard,1,147.48,2025-05-06,North,Pending,147.48
ORD01760,CUST0183,Mouse,1,256.18,2025-03-21,North,Completed,256.18
ORD00437,CUST0211,Tablet,1,104.37,2025-06-17,North,Unknown,104.37
ORD00491,CUST0184,Laptop,2,1144.59,2025-03-01,East,Cancelled,2289.18
ORD01891,CUST0152,Tablet,1,1334.84,2025-03-17,North,Cancelled,1334.84
ORD01630,CUST0243,Monitor,2,953.27,2025-03-25,East,Pending,1906.54
ORD01388,CUST0192,Laptop,4,247.4,2025-01-26,North,Unknown,989.6
ORD00070,CUST0125,Mouse,1,1161.0,2025-08-06,North,Completed,1161.0
ORD01573,CUST0225,Laptop,4,113.38,2025-03-04,North,Cancelled,453.52
ORD01185,CUST0250,Charger,4,641.37,2025-07-11,East,Cancelled,2565.48
ORD00012,CUST0261,Tablet,1,1136.12,2025-08-09,South,Unknown,1136.12
ORD00145,CUST0167,Mouse,1,241.81,2025-07-13,North,Unknown,241.81
ORD00918,CUST0290,Keyboard,1,886.37,2025-07-10,South,Cancelled,886.37
ORD01542,CUST0184,Mouse,1,924.64,2025-05-16,South,Pending,924.64
ORD01452,CUST0156,Mouse,4,520.22,2025-06-25,East,Pending,2080.88
ORD00640,CUST0200,Keyboard,5,184.1,2025-07-20,South,Cancelled,920.5
ORD00177,CUST0148,Monitor,3,191.55,2025-03-03,South,Pending,574.65
ORD00995,CUST0105,Monitor,5,126.47,2025-07-05,East,Pending,632.35
ORD00441,CUST0124,Webcam,3,85.02,2025-02-27,South,Completed,255.06
ORD00522,CUST0125,Webcam,4,1025.58,2025-08-18,East,Completed,4102.32
ORD01997,CUST0177,Keyboard,1,879.35,2025-07-30,East,Completed,879.35
ORD01713,CUST0182,Monitor,2,44.2,2025-05-30,East,Pending,88.4
ORD01005,CUST0076,Headphones,5,688.65,2025-06-24,East,Pending,3443.25
ORD01256,CUST0099,Mouse,5,46.12,2025-06-21,South,Completed,230.6
ORD01665,CUST0045,Headphones,2,505.88,2025-04-02,West,Completed,1011.76
ORD00144,CUST0016,Mouse,1,800.42,2025-04-07,West,Cancelled,800.42
ORD00754,CUST0214,Keyboard,4,1361.12,2025-06-15,North,Completed,5444.48
ORD00520,CUST0003,Headphones,2,616.63,2025-01-28,North,Pending,1233.26
ORD01323,CUST0249,Tablet,1,594.39,2025-04-02,West,Cancelled,594.39
ORD00823,CUST0241,Keyboard,3,1461.85,2025-04-12,South,Unknown,4385.55
ORD01791,CUST0232,Monitor,1,860.7,2025-01-05,East,Unknown,860.7
ORD00429,CUST0107,Tablet,3,359.41,2025-01-04,North,Completed,1078.23
ORD00613,CUST0225,Tablet,1,494.09,2025-04-28,West,Completed,494.09
ORD01506,CUST0206,Headphones,4,1352.43,2025-04-18,West,Cancelled,5409.72
ORD01784,CUST0159,Mouse,1,1474.39,2025-08-12,East,Completed,1474.39
ORD01033,CUST0018,Webcam,3,758.54,2025-06-26,East,Unknown,2275.62
ORD00157,CUST0181,Mouse,3,698.0,2025-01-10,East,Cancelled,2094.0
ORD00540,CUST0147,Tablet,1,1435.33,2025-08-11,South,Cancelled,1435.33
ORD01531,CUST0014,Tablet,2,1251.54,2025-02-26,South,Completed,2503.08
ORD01461,CUST0241,Laptop,1,591.19,2025-08-21,West,Pending,591.19
ORD01291,CUST0056,Mouse,5,671.28,2025-05-11,South,Pending,3356.4
ORD00462,CUST0100,Headphones,4,274.36,2025-06-24,South,Pending,1097.44
ORD00577,CUST0286,Charger,1,167.22,2025-06-13,East,Unknown,167.22
ORD01363,CUST0159,Webcam,1,1367.45,2025-08-23,North,Completed,1367.45
ORD00256,CUST0077,Headphones,4,283.98,2025-05-18,South,Pending,1135.92
ORD00980,CUST0053,Charger,1,469.4,2025-01-14,North,Completed,469.4
ORD01186,CUST0220,Monitor,5,535.84,2025-08-18,East,Completed,2679.2
ORD01007,CUST0042,Monitor,4,257.08,2025-04-20,South,Cancelled,1028.32
ORD01522,CUST0015,Tablet,3,544.3,2025-06-24,East,Pending,1632.9
ORD01690,CUST0006,Webcam,1,770.19,2025-01-04,North,Unknown,770.19
ORD00561,CUST0282,Mouse,3,727.03,2025-03-18,East,Completed,2181.09
ORD00209,CUST0082,Webcam,5,1084.48,2025-02-18,West,Pending,5422.4
ORD00911,CUST0069,Laptop,5,720.03,2025-08-19,South,Pending,3600.15
ORD01312,CUST0148,Headphones,4,663.99,2025-08-15,East,Cancelled,2655.96
ORD00002,CUST0045,Charger,1,54.4,2025-02-25,North,Pending,54.4
ORD01366,CUST0054,Laptop,3,52.97,2025-08-17,South,Unknown,158.91
ORD00270,CUST0221,Keyboard,1,1377.89,2025-05-15,South,Pending,1377.89
ORD00266,CUST0087,Keyboard,1,824.35,2025-02-17,South,Completed,824.35
ORD00915,CUST0184,Monitor,1,1226.26,2025-06-10,East,Unknown,1226.26
ORD00231,CUST0165,Headphones,1,98.15,2025-07-16,South,Pending,98.15
ORD01120,CUST0126,Charger,4,828.52,2025-05-18,West,Pending,3314.08
ORD00865,CUST0286,Headphones,2,1281.58,2025-08-12,North,Unknown,2563.16
ORD01067,CUST0006,Charger,1,767.94,2025-07-07,West,Completed,767.94
ORD00874,CUST0267,Headphones,4,608.98,2025-06-24,North,Cancelled,2435.92
ORD01868,CUST0053,Mouse,1,1069.85,2025-04-27,West,Unknown,1069.85
ORD00399,CUST0209,Tablet,5,1302.11,2025-07-30,North,Pending,6510.55
ORD01879,CUST0151,Keyboard,5,808.8,2025-08-29,North,Cancelled,4044.0
ORD01653,CUST0128,Mouse,5,169.82,2025-01-01,North,Completed,849.1
ORD00046,CUST0134,Keyboard,5,1444.18,2025-03-09,North,Pending,7220.9
ORD00162,CUST0049,Charger,3,385.47,2025-08-07,North,Pending,1156.41
ORD00992,CUST0013,Monitor,1,503.59,2025-03-04,North,Completed,503.59
ORD00728,CUST0187,Laptop,1,580.6,2025-04-30,North,Cancelled,580.6
ORD00630,CUST0212,Monitor,1,321.49,2025-01-15,North,Unknown,321.49
ORD00289,CUST0295,Monitor,3,570.32,2025-07-29,East,Completed,1710.96
ORD01614,CUST0046,Webcam,5,1159.37,2025-08-23,South,Unknown,5796.85
ORD01060,CUST0157,Tablet,1,798.15,2025-06-29,East,Cancelled,798.15
ORD00576,CUST0273,Charger,2,297.75,2025-06-18,North,Unknown,595.5
ORD00851,CUST0155,Mouse,2,211.32,2025-02-18,East,Completed,422.64
ORD01340,CUST0160,Webcam,2,1216.42,2025-01-22,North,Pending,2432.84
ORD01943,CUST0248,Keyboard,3,589.72,2025-05-28,West,Pending,1769.16
ORD00912,CUST0251,Charger,5,130.91,2025-08-13,South,Completed,654.55
ORD01255,CUST0252,Tablet,1,436.27,2025-02-21,South,Completed,436.27
ORD01834,CUST0105,Webcam,1,1137.32,2025-07-14,East,Unknown,1137.32
ORD01723,CUST0218,Mouse,4,389.84,2025-02-28,East,Cancelled,1559.36
ORD01872,CUST0269,Laptop,1,1368.15,2025-02-23,East,Completed,1368.15
ORD01736,CUST0250,Monitor,1,331.2,2025-07-18,East,Pending,331.2
ORD00933,CUST0278,Keyboard,2,709.59,2025-06-04,East,Cancelled,1419.18
ORD01101,CUST0189,Webcam,1,1420.18,2025-08-15,East,Unknown,1420.18
ORD01658,CUST0012,Tablet,1,1099.84,2025-02-09,North,Completed,1099.84
ORD01208,CUST0015,Tablet,1,801.02,2025-04-01,North,Pending,801.02
ORD00248,CUST0277,Keyboard,1,1291.83,2025-01-31,North,Completed,1291.83
ORD01844,CUST0280,Mouse,1,1142.61,2025-04-28,South,Cancelled,1142.61
ORD00477,CUST0152,Keyboard,3,1019.16,2025-08-23,South,Cancelled,3057.48
ORD01695,CUST0192,Charger,4,913.59,2025-08-10,South,Pending,3654.36
ORD00086,CUST0051,Monitor,1,324.43,2025-06-19,South,Pending,324.43
ORD00470,CUST0264,Mouse,1,259.42,2025-07-17,North,Completed,259.42
ORD00226,CUST0195,Charger,3,1432.37,2025-07-25,East,Completed,4297.11
ORD00775,CUST0044,Mouse,2,598.27,2025-06-27,North,Unknown,1196.54
ORD00332,CUST0123,Tablet,4,177.99,2025-05-08,North,Completed,711.96
ORD00234,CUST0269,Tablet,2,1278.08,2025-04-30,South,Completed,2556.16
ORD00589,CUST0295,Mouse,2,653.58,2025-07-21,South,Pending,1307.16
ORD00476,CUST0203,Laptop,4,242.92,2025-02-26,South,Completed,971.68
ORD01285,CUST0007,Mouse,3,856.98,2025-03-24,East,Pending,2570.94
ORD01922,CUST0164,Charger,1,514.32,2025-05-27,South,Completed,514.32
ORD00600,CUST0198,Monitor,4,767.73,2025-07-01,East,Completed,3070.92
ORD00422,CUST0267,Webcam,4,1333.08,2025-02-04,West,Cancelled,5332.32
ORD01712,CUST0142,Headphones,4,368.61,2025-02-26,North,Pending,1474.44
ORD00183,CUST0094,Keyboard,1,1076.91,2025-04-28,East,Pending,1076.91
ORD00989,CUST0258,Laptop,2,41.61,2025-07-14,East,Pending,83.22
ORD01001,CUST0208,Charger,4,1456.03,2025-04-06,West,Cancelled,5824.12
ORD01642,CUST0134,Monitor,2,94.21,2025-06-24,North,Completed,188.42
ORD01357,CUST0001,Webcam,1,1344.97,2025-01-14,North,Completed,1344.97
ORD01463,CUST0242,Keyboard,1,120.24,2025-07-18,West,Pending,120.24
ORD00050,CUST0195,Keyboard,5,857.97,2025-04-14,East,Completed,4289.85
ORD01929,CUST0138,Monitor,4,938.92,2025-05-19,East,Pending,3755.68
ORD01030,CUST0275,Monitor,4,1469.98,2025-03-23,East,Unknown,5879.92
ORD00530,CUST0277,Laptop,5,527.46,2025-08-09,East,Pending,2637.3
ORD01259,CUST0071,Mouse,4,646.99,2025-04-07,North,Completed,2587.96
ORD00487,CUST0040,Mouse,1,1275.89,2025-06-11,East,Pending,1275.89
ORD00498,CUST0023,Keyboard,5,892.6,2025-02-04,North,Completed,4463.0
ORD01647,CUST0192,Charger,2,1253.89,2025-07-13,East,Cancelled,2507.78
ORD00107,CUST0169,Charger,3,943.93,2025-08-16,East,Pending,2831.79
ORD00444,CUST0156,Monitor,1,1010.5,2025-03-29,East,Completed,1010.5
ORD01513,CUST0175,Headphones,1,578.44,2025-08-17,North,Unknown,578.44
ORD00647,CUST0140,Keyboard,2,417.72,2025-01-04,North,Pending,835.44
ORD01037,CUST0145,Headphones,1,1385.37,2025-06-29,West,Completed,1385.37
ORD01763,CUST0264,Mouse,4,913.66,2025-06-26,North,Completed,3654.64
ORD00727,CUST0139,Monitor,1,130.63,2025-08-14,South,Completed,130.63
ORD00191,CUST0188,Webcam,4,1424.71,2025-01-09,South,Unknown,5698.84
ORD01789,CUST0086,Monitor,5,959.86,2025-07-18,South,Unknown,4799.3
ORD01857,CUST0128,Monitor,4,1080.09,2025-02-18,South,Completed,4320.36
ORD00030,CUST0096,Mouse,5,111.26,2025-08-09,West,Completed,556.3
ORD00170,CUST0226,Tablet,3,1169.4,2025-05-09,West,Pending,3508.2
ORD01002,CUST0210,Laptop,1,583.39,2025-05-25,South,Completed,583.39
ORD01205,CUST0160,Tablet,1,239.46,2025-05-10,South,Pending,239.46
ORD00101,CUST0036,Headphones,4,516.41,2025-07-21,East,Completed,2065.64
ORD00198,CUST0283,Keyboard,5,1327.53,2025-01-17,West,Unknown,6637.65
ORD00496,CUST0077,Keyboard,2,549.71,2025-07-03,South,Pending,1099.42
ORD01746,CUST0023,Headphones,1,1430.8,2025-02-19,North,Pending,1430.8
ORD00648,CUST0282,Webcam,3,220.92,2025-06-30,North,Pending,662.76
ORD00988,CUST0163,Tablet,1,509.31,2025-06-05,West,Completed,509.31
ORD00045,CUST0143,Mouse,3,533.21,2025-05-11,South,Pending,1599.63
ORD01990,CUST0060,Mouse,4,610.02,2025-02-03,North,Completed,2440.08
ORD00711,CUST0107,Headphones,1,298.64,2025-07-23,South,Completed,298.64
ORD00374,CUST0183,Monitor,1,887.54,2025-02-14,East,Unknown,887.54
ORD00679,CUST0108,Webcam,1,966.97,2025-07-13,North,Pending,966.97
ORD00567,CUST0225,Headphones,5,1048.59,2025-02-18,South,Pending,5242.95
ORD01673,CUST0096,Mouse,1,387.62,2025-01-31,East,Unknown,387.62
ORD00848,CUST0096,Monitor,2,126.55,2025-06-04,East,Unknown,253.1
ORD00461,CUST0227,Monitor,1,1059.9,2025-06-15,East,Pending,1059.9
ORD01438,CUST0268,Webcam,4,1299.46,2025-05-05,South,Pending,5197.84
ORD01156,CUST0200,Laptop,5,1176.78,2025-06-02,North,Unknown,5883.9
ORD00040,CUST0076,Charger,2,72.32,2025-04-04,East,Pending,144.64
ORD00435,CUST0031,Keyboard,1,629.88,2025-06-01,East,Pending,629.88
ORD00974,CUST0167,Charger,4,255.61,2025-02-23,North,Completed,1022.44
ORD01240,CUST0035,Laptop,2,909.65,2025-01-31,North,Pending,1819.3
ORD01008,CUST0196,Headphones,1,623.3,2025-08-13,East,Completed,623.3
ORD01580,CUST0236,Charger,1,1320.91,2025-08-07,West,Pending,1320.91
ORD01591,CUST0084,Charger,1,803.13,2025-06-08,South,Pending,803.13
ORD01787,CUST0010,Mouse,1,251.82,2025-03-29,North,Unknown,251.82
ORD01499,CUST0264,Webcam,3,1495.06,2025-02-17,East,Completed,4485.18
ORD00457,CUST0103,Headphones,2,1475.46,2025-06-24,South,Completed,2950.92
ORD01836,CUST0056,Mouse,2,325.56,2025-02-09,North,Completed,651.12
ORD00261,CUST0125,Monitor,4,1373.54,2025-05-22,East,Cancelled,5494.16
ORD01841,CUST0119,Keyboard,2,1362.92,2025-05-11,North,Completed,2725.84
ORD00036,CUST0284,Keyboard,3,429.82,2025-02-23,East,Pending,1289.46
ORD00828,CUST0185,Charger,3,1355.16,2025-03-09,East,Cancelled,4065.48
ORD01936,CUST0255,Keyboard,2,486.97,2025-05-28,West,Unknown,973.94
ORD00310,CUST0276,Headphones,2,1173.3,2025-05-25,East,Completed,2346.6
ORD00277,CUST0197,Keyboard,1,1089.0,2025-05-09,East,Completed,1089.0
ORD00637,CUST0070,Tablet,2,944.53,2025-08-17,East,Completed,1889.06
ORD01860,CUST0271,Charger,2,165.1,2025-07-19,North,Completed,330.2
ORD00845,CUST0262,Charger,4,150.78,2025-06-19,North,Cancelled,603.12
ORD00394,CUST0055,Mouse,3,1302.54,2025-08-14,West,Cancelled,3907.62
ORD01770,CUST0168,Charger,1,479.03,2025-08-23,East,Unknown,479.03
ORD00108,CUST0148,Monitor,1,144.67,2025-01-26,South,Completed,144.67
ORD00350,CUST0073,Headphones,1,75.41,2025-03-01,West,Unknown,75.41
ORD00525,CUST0244,Webcam,3,335.66,2025-05-27,South,Unknown,1006.98
ORD00785,CUST0288,Keyboard,5,93.05,2025-03-09,North,Completed,465.25
ORD00048,CUST0001,Monitor,3,652.63,2025-06-20,North,Cancelled,1957.89
ORD00204,CUST0042,Laptop,1,1158.82,2025-03-09,South,Pending,1158.82
ORD01656,CUST0135,Tablet,2,189.28,2025-06-12,South,Completed,378.56
ORD00022,CUST0110,Keyboard,1,1403.92,2025-05-27,West,Pending,1403.92
ORD00403,CUST0084,Headphones,1,1248.0,2025-01-24,North,Completed,1248.0
ORD01108,CUST0007,Mouse,4,582.15,2025-01-29,East,Unknown,2328.6
ORD01155,CUST0215,Tablet,4,807.9,2025-07-20,South,Completed,3231.6
ORD01440,CUST0062,Monitor,3,753.2,2025-05-26,North,Unknown,2259.6
ORD00990,CUST0041,Laptop,2,568.04,2025-03-17,South,Completed,1136.08
ORD01866,CUST0020,Headphones,1,962.23,2025-08-07,South,Pending,962.23
ORD00742,CUST0280,Webcam,1,1061.12,2025-05-02,East,Pending,1061.12
ORD01722,CUST0232,Laptop,4,861.77,2025-04-03,North,Completed,3447.08
ORD01311,CUST0108,Charger,5,424.6,2025-08-14,East,Completed,2123.0
ORD01148,CUST0205,Mouse,2,588.45,2025-04-29,North,Cancelled,1176.9
ORD00034,CUST0179,Mouse,2,560.6,2025-02-10,East,Pending,1121.2
ORD00788,CUST0121,Headphones,5,136.56,2025-06-26,East,Cancelled,682.8
ORD01541,CUST0292,Charger,2,1151.79,2025-06-24,East,Completed,2303.58
ORD00924,CUST0050,Laptop,4,653.6,2025-01-07,East,Unknown,2614.4
ORD01044,CUST0062,Mouse,1,191.86,2025-06-14,North,Pending,191.86
ORD01987,CUST0101,Laptop,5,629.22,2025-05-01,South,Unknown,3146.1
ORD01244,CUST0149,Headphones,1,159.03,2025-05-31,East,Unknown,159.03
ORD01916,CUST0026,Keyboard,5,491.3,2025-02-06,East,Pending,2456.5
ORD00580,CUST0124,Monitor,4,1150.91,2025-08-26,East,Cancelled,4603.64
ORD00482,CUST0250,Webcam,3,201.04,2025-06-17,North,Cancelled,603.12
ORD00932,CUST0071,Laptop,1,200.24,2025-05-30,North,Unknown,200.24
ORD00357,CUST0090,Laptop,4,1283.36,2025-05-23,North,Pending,5133.44
ORD01686,CUST0143,Charger,5,1056.05,2025-01-18,North,Cancelled,5280.25
ORD01249,CUST0072,Headphones,1,461.37,2025-04-11,East,Unknown,461.37
ORD00760,CUST0071,Headphones,3,1170.42,2025-04-16,South,Completed,3511.26
ORD00093,CUST0143,Keyboard,5,659.47,2025-07-28,North,Completed,3297.35
ORD01176,CUST0053,Mouse,4,1391.53,2025-02-01,South,Cancelled,5566.12
ORD01416,CUST0276,Keyboard,4,914.61,2025-08-06,North,Completed,3658.44
ORD01342,CUST0031,Tablet,3,623.67,2025-07-09,East,Pending,1871.01
ORD01473,CUST0151,Laptop,5,1244.05,2025-01-05,South,Cancelled,6220.25
ORD00804,CUST0269,Headphones,4,1328.0,2025-03-02,North,Cancelled,5312.0
ORD00746,CUST0202,Monitor,4,483.46,2025-06-04,North,Unknown,1933.84
ORD01547,CUST0192,Mouse,2,12.58,2025-05-16,North,Cancelled,25.16
ORD00280,CUST0044,Headphones,2,1072.53,2025-01-22,South,Completed,2145.06
ORD01608,CUST0244,Monitor,1,1482.02,2025-06-04,South,Completed,1482.02
ORD00605,CUST0117,Charger,2,863.62,2025-04-20,North,Cancelled,1727.24
ORD01374,CUST0098,Keyboard,3,89.47,2025-06-30,South,Cancelled,268.41
ORD01952,CUST0234,Charger,5,798.53,2025-02-01,North,Pending,3992.65
ORD01399,CUST0233,Charger,1,702.5,2025-01-11,East,Completed,702.5
ORD00401,CUST0234,Laptop,3,1059.9,2025-03-12,East,Completed,3179.7
ORD00258,CUST0170,Mouse,4,1272.23,2025-01-24,South,Pending,5088.92
ORD00945,CUST0151,Keyboard,3,378.29,2025-06-11,East,Pending,1134.87
ORD01876,CUST0064,Headphones,1,813.45,2025-02-27,West,Pending,813.45
ORD01097,CUST0288,Charger,4,914.76,2025-02-22,North,Pending,3659.04
ORD01220,CUST0181,Headphones,1,507.27,2025-05-13,East,Pending,507.27
ORD01508,CUST0031,Charger,2,224.25,2025-07-30,East,Pending,448.5
ORD01880,CUST0173,Monitor,4,1404.03,2025-04-20,East,Unknown,5616.12
ORD01162,CUST0268,Webcam,1,1390.26,2025-04-28,East,Pending,1390.26
ORD00495,CUST0247,Laptop,5,1324.23,2025-04-23,South,Completed,6621.15
ORD00773,CUST0228,Monitor,5,616.85,2025-08-07,South,Completed,3084.25
ORD00551,CUST0150,Monitor,1,826.84,2025-02-18,North,Completed,826.84
ORD01487,CUST0093,Webcam,1,1181.97,2025-01-08,South,Cancelled,1181.97
ORD00202,CUST0283,Headphones,2,941.28,2025-06-07,North,Pending,1882.56
ORD00313,CUST0045,Tablet,1,1165.69,2025-03-02,East,Unknown,1165.69
ORD00291,CUST0036,Charger,1,753.96,2025-06-12,South,Cancelled,753.96
ORD01985,CUST0178,Keyboard,2,1309.29,2025-05-27,North,Pending,2618.58
ORD01214,CUST0148,Headphones,1,14.63,2025-02-17,South,Pending,14.63
ORD00764,CUST0041,Charger,1,1146.91,2025-01-29,North,Completed,1146.91
ORD01137,CUST0258,Mouse,5,1213.17,2025-02-08,North,Completed,6065.85
ORD00950,CUST0282,Mouse,2,1129.92,2025-03-17,North,Cancelled,2259.84
ORD00184,CUST0022,Webcam,3,777.92,2025-07-28,West,Cancelled,2333.76
ORD01177,CUST0040,Tablet,3,1369.95,2025-02-23,North,Completed,4109.85
ORD01849,CUST0268,Mouse,2,271.83,2025-07-15,North,Pending,543.66
ORD01350,CUST0085,Tablet,1,483.36,2025-02-15,West,Completed,483.36
ORD01728,CUST0040,Mouse,1,410.88,2025-07-20,North,Completed,410.88
ORD01812,CUST0075,Monitor,4,536.24,2025-08-11,East,Unknown,2144.96
ORD01031,CUST0114,Mouse,4,23.69,2025-08-07,East,Pending,94.76
ORD00251,CUST0009,Monitor,2,110.26,2025-06-02,West,Pending,220.52
ORD00824,CUST0132,Mouse,1,839.93,2025-01-14,South,Completed,839.93
ORD01537,CUST0284,Monitor,4,411.01,2025-08-03,West,Pending,1644.04
ORD00941,CUST0101,Laptop,2,1265.89,2025-08-22,North,Unknown,2531.78
ORD00392,CUST0035,Mouse,4,838.98,2025-05-22,East,Cancelled,3355.92
ORD01920,CUST0266,Charger,2,863.05,2025-03-29,East,Completed,1726.1
ORD01457,CUST0158,Charger,5,596.38,2025-04-17,East,Completed,2981.9
ORD01093,CUST0104,Keyboard,1,200.47,2025-04-18,South,Cancelled,200.47
ORD00905,CUST0073,Webcam,5,1478.11,2025-07-20,North,Completed,7390.55
ORD00367,CUST0113,Charger,3,1403.46,2025-08-05,South,Pending,4210.38
ORD00346,CUST0160,Webcam,1,834.11,2025-01-03,South,Cancelled,834.11
ORD01373,CUST0011,Keyboard,1,334.11,2025-04-06,North,Unknown,334.11
ORD01640,CUST0183,Webcam,1,624.84,2025-07-12,West,Completed,624.84
ORD00920,CUST0233,Laptop,4,965.04,2025-06-16,East,Cancelled,3860.16
ORD00212,CUST0221,Keyboard,3,1093.99,2025-07-15,East,Completed,3281.97
ORD01604,CUST0293,Monitor,1,1296.9,2025-01-03,North,Unknown,1296.9
ORD00538,CUST0132,Webcam,1,623.52,2025-03-31,North,Pending,623.52
ORD01221,CUST0266,Laptop,2,1468.17,2025-08-08,South,Pending,2936.34
ORD00176,CUST0003,Mouse,1,391.33,2025-08-02,North,Unknown,391.33
