order_id,customer_id,product,quantity,unit_price,order_date,region,status
ORD01707,CUST0130,Mouse,4,1221.54,2025-04-11,North,Pending
ORD00111,CUST0074,Monitor,4,960.48,28/04/2025,SOUTH,Completed
ORD01465,CUST0272,Headphones,,42.56,2025-07-17, East ,
ORD00197,CUST0103,Keyboard,2,1187.66,07/01/2025,north,PENDING
ORD00573,CUST0132,Laptop,3,338.88,2025-07-03,North,Pending
ORD01534,CUST0199,Headphones,,1197.23,04/04/2025,West,Cancelled
ORD00976,CUST0070,Webcam,,1125.53,05/05/2025,North,Completed
ORD00493,CUST0267,Headphones,,402.34,05-20-2025,South,completed
ORD01128,,Laptop,,57.86,2025-07-12,north,Pending
ORD01471,CUST0038,Charger,3,703.92,08-16-2025,South,
ORD00361,CUST0016,Charger,,645.73,2025-04-01,South,Cancelled
ORD00431,CUST0152,Headphones,4,84.62,2025-07-28, East ,Completed
ORD00329,CUST0227,Monitor,1,1345.92,2025-02-05,north,
ORD00566,CUST0225,Monitor,1,1036.98,04-02-2025,South,Cancelled
ORD00958,CUST0044,Webcam,2,648.9,28/06/2025,South,completed
ORD00756,CUST0062,Webcam,5,1102.11,05/01/2025,South,PENDING
ORD01607,CUST0002,Charger,,357.28,01-13-2025,North,completed
ORD01304,CUST0052,Keyboard,1,1252.45,01-07-2025,South,Completed
ORD00876,CUST0279,Tablet,,524.42,07-27-2025,West,Pending
ORD01808,CUST0066,Keyboard,,874.5,2025-06-21,South,
ORD01544,CUST0294,Charger,4,578.12,2025-05-02, East ,Cancelled
ORD01086,CUST0027,Charger,4,792.21,06-29-2025,South,Pending
ORD00902,CUST0122,Tablet,5,1131.06,2025-04-09,East,Completed
ORD00641,CUST0045,Tablet,2 ,563.66,01/08/2025,South,PENDING
ORD00594,CUST0227,Keyboard,4,76.87,2025-07-29,South,
ORD01314,CUST0277,Monitor,1,737.67,2025-07-30,East,Pending
ORD01790,CUST0117,Tablet,5 ,1158.55,10/04/2025,SOUTH,Cancelled
ORD01884,CUST0094,Charger,5 ,172.07,10/06/2025,West,PENDING
ORD01519,CUST0051,Mouse,1,1450.43,03/03/2025,north,
ORD01495,CUST0296,Headphones,2,498.64,04-06-2025,South,PENDING
ORD01265,CUST0178,Mouse,4,901.24,2025-06-06,north,completed
ORD00818,CUST0102,Headphones,,1279.23,13/01/2025,north,completed
ORD01781,,Charger,5,1091.32,02-15-2025,SOUTH,Pending
ORD01909,CUST0207,Charger,,203.74,05/02/2025,North,PENDING
ORD01178,CUST0250,Mouse,2,1034.13,07/04/2025,SOUTH,completed
ORD01119,CUST0198,Webcam,3,746.37,05-04-2025,West,PENDING
ORD01949,CUST0233,Mouse,3,1243.12,2025-02-21,South,
ORD00928,CUST0029,Laptop,3,1276.39,2025-04-13,north,completed
ORD01752,CUST0208,Laptop,5,457.51,09/08/2025,North,Pending
ORD00205,CUST0255,Headphones,,1435.41,2025-05-04, East ,
ORD01595,CUST0036,Keyboard,2,939.81,23/06/2025,South,Completed
ORD00173,CUST0114,Tablet,3,1396.4,2025-04-17,West,PENDING
ORD00528,CUST0278,Laptop,4,563.08,22/03/2025,north,Cancelled
ORD01163,CUST0224,Charger,3,1269.19,06-26-2025,West,
ORD00888,CUST0061,Charger,1,190.09,27/05/2025,North,PENDING
ORD01959,CUST0158,Webcam,,352.06,2025-06-15,North,Pending
ORD01079,CUST0102,Tablet,,1474.56,31/01/2025,West,PENDING
ORD01383,CUST0243,Monitor,3 ,1087.82,03/06/2025,West,
ORD01978,CUST0225,Laptop,2,860.85,2025-04-23,South,Completed
ORD00141,CUST0285,Webcam,1,1146.28,2025-05-27, East ,completed
ORD00186,CUST0226,Charger,3,1460.85,05-08-2025,West,Cancelled
ORD01814,CUST0235,Headphones,2,625.97,14/08/2025,South,Cancelled
ORD01887,CUST0271,Keyboard,4 ,78.72,03-01-2025,East,PENDING
ORD01427,CUST0126,Tablet,,1444.09,01-02-2025,North,
ORD01629,CUST0137,Mouse,4,590.47,19/02/2025,SOUTH,Pending
ORD01641,CUST0203,Keyboard,5,1236.04,2025-07-28,West,Pending
ORD00242,CUST0289,Mouse,1,1244.87,08-20-2025,South,PENDING
ORD00545,CUST0043,Mouse,3,930.97,01-22-2025,West,Cancelled
ORD00675,CUST0014,Headphones,4,132.94,2025-05-10, East ,Cancelled
ORD01038,CUST0298,Laptop,,463.07,2025-06-17,north,Pending
ORD00448,CUST0062,Charger,2,691.0,2025-07-20,SOUTH,Cancelled
ORD00841,CUST0244,Headphones,5,904.51,24/01/2025, East ,Cancelled
ORD01509,CUST0215,Charger,5,298.12,02/08/2025,North,Pending
ORD00003,CUST0280,Charger,2,679.32,2025-03-13, East ,Pending
ORD01426,CUST0091,Tablet,5,965.66,07-25-2025, East ,Cancelled
ORD00376,CUST0255,Keyboard,3,1120.56,02/03/2025,East,Pending
ORD00373,CUST0081,Charger,,1441.39,16/06/2025,South,
ORD00956,CUST0007,Tablet,,773.84,2025-07-14, East ,completed
ORD00109,CUST0015,Laptop,3,1196.25,17/03/2025,East,completed
ORD00817,CUST0115,Laptop,1,1385.44,06-15-2025,SOUTH,Pending
ORD01829,CUST0278,Keyboard,,1138.42,2025-07-06, East ,completed
ORD01302,CUST0061,Mouse,4,637.32,02-07-2025,West,
ORD00893,CUST0046,Charger,4,356.91,12/04/2025,north,Completed
ORD00611,CUST0241,Webcam,2 ,1279.67,06/05/2025,South,Pending
ORD01788,CUST0180,Laptop,3,1281.72,22/07/2025,North,PENDING
ORD00072,CUST0251,Mouse,4,1441.57,12/06/2025,SOUTH,Pending
ORD00193,CUST0014,Keyboard,4,781.44,08-22-2025,North,Cancelled
ORD01274,CUST0188,Headphones,,373.87,17/08/2025,East,
ORD00035,CUST0271,Laptop,,1227.49,03-18-2025,North,Pending
ORD00387,CUST0135,Tablet,4,402.47,03/08/2025,north,Completed
ORD00038,CUST0002,Webcam,2,959.3,2025-03-09,SOUTH,completed
ORD01814,CUST0235,Headphones,2,625.97,14/08/2025,South,Cancelled
ORD00057,CUST0227,Charger,5,674.41,02-10-2025, East ,completed
ORD00896,CUST0244,Laptop,1,990.8,2025-05-17,North,Cancelled
ORD00755,CUST0035,Webcam,5,725.92,22/04/2025,SOUTH,
ORD00904,CUST0127,Keyboard,3,856.69,2025-04-25, East ,
ORD01795,CUST0071,Headphones,4,1498.93,13/03/2025, East ,completed
ORD01040,CUST0053,Keyboard,4 ,1426.09,04-20-2025, East ,Pending
ORD01935,CUST0237,Tablet,5,802.97,04-09-2025,South,PENDING
ORD01685,CUST0221,Laptop,,792.51,27/06/2025,SOUTH,PENDING
ORD01226,CUST0149,Keyboard,3,735.37,17/01/2025,North,completed
ORD01447,CUST0052,Monitor,5 ,735.97,2025-05-26,north,completed
ORD00416,CUST0028,Keyboard,2,1488.6,29/03/2025,north,completed
ORD00508,CUST0004,Mouse,5 ,20.72,2025-06-17,SOUTH,Cancelled
ORD01480,CUST0297,Mouse,2,1137.34,31/01/2025,SOUTH,PENDING
ORD00128,CUST0065,Monitor,1,1246.43,2025-05-22,north,Pending
ORD00505,CUST0221,Charger,3,1313.49,06-28-2025,West,Pending
ORD01977,CUST0296,Tablet,5,1076.08,2025-01-30,West,PENDING
ORD00631,CUST0045,Tablet,,1036.09,08-28-2025,East,completed
ORD01510,CUST0206,Mouse,,1112.09,2025-06-22,South,completed
ORD01588,CUST0050,Mouse,1,41.98,2025-08-24,East,Completed
ORD01822,CUST0218,Headphones,,1208.84,2025-05-31,SOUTH,completed
ORD01735,CUST0038,Webcam,3 ,182.15,20/08/2025,West,completed
ORD00661,CUST0077,Tablet,5,444.34,06-07-2025,West,Pending
ORD01907,CUST0227,Charger,,224.04,06/07/2025,South,
ORD00796,CUST0010,Keyboard,5,753.81,06-19-2025,West,Cancelled
ORD00218,CUST0299,Headphones,,1309.43,2025-06-11,north,completed
ORD00397,CUST0160,Headphones,4,1288.77,2025-06-25, East ,Pending
ORD00882,CUST0180,Headphones,3,1003.71,07-28-2025,north,
ORD00675,CUST0014,Headphones,4,132.94,2025-05-10, East ,Cancelled
ORD01442,CUST0035,Headphones,5 ,1442.87,08-05-2025,north,Completed
ORD00597,,Tablet,5,1097.59,02-06-2025,SOUTH,
ORD00977,CUST0225,Keyboard,4,1232.44,2025-08-04,South,Completed
ORD00805,CUST0200,Monitor,4,334.83,2025-01-28,South,Cancelled
ORD00480,CUST0130,Monitor,1,280.22,07-24-2025, East ,Completed
ORD00413,CUST0133,Keyboard,,1350.39,2025-06-17,South,Cancelled
ORD01049,CUST0161,Mouse,1,201.94,02-22-2025,South,Completed
ORD01811,CUST0189,Webcam,4,574.3,05-13-2025,East,completed
ORD00351,CUST0044,Mouse,5,208.94,29/07/2025,North,PENDING
ORD00745,CUST0143,Monitor,1,134.55,06/08/2025,SOUTH,
ORD00562,CUST0058,Monitor,,656.9,2025-01-04, East ,Cancelled
ORD01951,CUST0009,Headphones,2,1048.72,2025-06-14,East,Completed
ORD01817,CUST0249,Charger,2,1479.87,05-22-2025,SOUTH,Pending
ORD01826,CUST0281,Tablet,,212.22,2025-07-08,South,Cancelled
ORD00340,CUST0138,Mouse,1,509.17,20/04/2025,north,Completed
ORD01158,CUST0209,Headphones,5,1086.21,2025-04-26,SOUTH,completed
ORD00260,CUST0171,Headphones,1,325.59,02-18-2025,North,
ORD01956,CUST0262,Webcam,,1340.82,03-13-2025,SOUTH,Cancelled
ORD00870,CUST0044,Headphones,3,1075.65,17/04/2025,SOUTH,
ORD01875,CUST0110,Charger,3 ,918.52,2025-03-30,North,Completed
ORD00789,CUST0276,Webcam,1,696.75,10/08/2025,north,PENDING
ORD00507,,Mouse,3,901.46,20/05/2025,East,Pending
ORD01279,CUST0023,Monitor,2 ,575.2,18/06/2025,north,Completed
ORD01418,CUST0215,Headphones,3,1158.04,2025-06-11,SOUTH,
ORD00059,CUST0277,Mouse,2,234.74,04-09-2025,South,
ORD00326,CUST0062,Charger,,206.94,2025-01-19,West,Completed
ORD01535,CUST0121,Webcam,5,542.04,2025-06-27,East,
ORD01584,CUST0241,Mouse,5,981.83,03-18-2025,West,Completed
ORD00741,CUST0155,Mouse,1,612.8,2025-05-08,West,Cancelled
ORD00682,CUST0222,Headphones,3,412.79,2025-07-25,East,
ORD01807,CUST0216,Headphones,,911.83,2025-01-01,West,PENDING
ORD00859,CUST0148,Monitor,4,522.33,03-01-2025,South,PENDING
ORD01310,CUST0261,Charger,3,490.97,2025-03-23,South,Completed
ORD00279,CUST0231,Tablet,2,540.16,29/08/2025,West,Pending
ORD00670,CUST0020,Tablet,,559.18,29/05/2025,SOUTH,Completed
ORD00929,CUST0006,Tablet,4,701.67,04-20-2025,north,Completed
ORD01344,CUST0121,Webcam,4 ,1066.21,05-12-2025, East ,
ORD00008,CUST0088,Monitor,2,698.77,03-11-2025,SOUTH,PENDING
ORD01820,CUST0295,Keyboard,,750.58,2025-05-16,South,Completed
ORD00201,CUST0083,Webcam,,345.95,08-29-2025,East,Completed
ORD01421,CUST0298,Charger,4,621.34,2025-06-12,north,Pending
ORD01026,CUST0064,Keyboard,5,953.99,2025-05-06, East ,
ORD01319,CUST0019,Laptop,2,213.94,2025-04-07,SOUTH,Pending
ORD00143,CUST0159,Webcam,3 ,19.1,2025-08-11,north,
ORD01596,CUST0101,Webcam,3,1070.0,2025-07-21,East,PENDING
ORD00021,CUST0031,Monitor,1,1359.08,09/08/2025,North,PENDING
ORD01239,CUST0080,Headphones,,473.23,2025-08-28, East ,completed
ORD00207,CUST0164,Webcam,4,204.84,04-05-2025,north,Completed
ORD01514,CUST0250,Headphones,2,789.03,01-23-2025,north,PENDING
ORD00900,CUST0031,Webcam,2,50.49,15/01/2025,West,Completed
ORD01375,CUST0116,Monitor,3 ,1326.52,15/02/2025,East,
ORD00451,CUST0054,Charger,,904.81,14/08/2025,north,completed
ORD01124,CUST0071,Mouse,,1058.9,04-07-2025,North,
ORD00849,CUST0003,Charger,1,29.82,17/06/2025,West,
ORD01451,CUST0250,Laptop,3,1341.12,11/05/2025,West,Pending
ORD01699,CUST0168,Headphones,4,772.05,04-09-2025,north,
ORD00362,CUST0018,Monitor,,449.71,04-16-2025,West,Completed
ORD01150,CUST0163,Webcam,5 ,734.58,06-29-2025,West,Completed
ORD00688,CUST0166,Headphones,2 ,1173.29,2025-03-12,West,completed
ORD01222,CUST0296,Charger,3,317.4,2025-01-23,West,
ORD00456,CUST0274,Headphones,4,1214.37,2025-05-14,North,completed
ORD01424,CUST0083,Tablet,3,1087.36,2025-03-03,West,
ORD01968,CUST0091,Keyboard,3,725.32,24/03/2025,SOUTH,Cancelled
ORD01667,CUST0082,Keyboard,2,1238.78,2025-04-12, East ,completed
ORD00702,CUST0089,Laptop,3 ,1232.9,25/01/2025,north,Pending
ORD01470,CUST0286,Mouse,5,245.75,2025-05-12,north,completed
ORD01168,CUST0213,Monitor,1,1351.28,2025-04-17,North,Completed
ORD00588,CUST0077,Webcam,5,1049.68,2025-02-09,SOUTH,
ORD01297,CUST0271,Laptop,5,713.77,05-15-2025,West,Cancelled
ORD01123,CUST0072,Headphones,4,224.77,08-07-2025,West,Pending
ORD01406,CUST0041,Charger,1,1192.53,27/05/2025,East,PENDING
ORD01852,CUST0194,Mouse,2,625.33,24/07/2025,north,Pending
ORD00442,CUST0236,Tablet,5,677.67,08/08/2025,West,Cancelled
ORD01792,CUST0004,Webcam,4 ,136.99,2025-08-04,north,PENDING
ORD01234,CUST0216,Mouse,2,926.66,2025-03-19,north,PENDING
ORD00557,CUST0191,Tablet,,1189.22,2025-03-26, East ,Pending
ORD01738,CUST0239,Webcam,2,700.32,2025-04-17,South,Pending
ORD01798,CUST0171,Webcam,1,282.1,02-24-2025, East ,Completed
ORD00052,CUST0087,Mouse,3,778.02,06-12-2025,East,Completed
ORD00037,CUST0259,Tablet,3,1358.95,2025-08-05,North,
ORD00946,CUST0251,Monitor,,131.3,05-01-2025,north,Completed
ORD01890,CUST0085,Charger,5,1062.18,06-09-2025,West,PENDING
ORD01179,CUST0006,Keyboard,,855.27,2025-06-05,North,Cancelled
ORD01877,CUST0072,Charger,2 ,264.2,2025-07-05,South,PENDING
ORD01930,CUST0065,Laptop,3,1199.59,06-04-2025,SOUTH,Pending
ORD01689,CUST0095,Charger,1,843.9,2025-03-01,South,Cancelled
ORD01969,CUST0070,Charger,2,1295.48,09/01/2025,South,PENDING
ORD00846,CUST0258,Laptop,1 ,1113.37,2025-04-29, East ,Pending
ORD00607,CUST0075,Keyboard,3,111.04,05-17-2025,North,Pending
ORD01349,CUST0191,Headphones,4,699.69,28/08/2025,SOUTH,
ORD01191,CUST0039,Charger,,1136.74,23/03/2025,South,Pending
ORD01913,CUST0041,Tablet,1,315.33,2025-08-19,SOUTH,Completed
ORD01741,CUST0260,Keyboard,1 ,1488.23,02-07-2025,SOUTH,PENDING
ORD00638,CUST0029,Headphones,5,1090.2,03-22-2025,north,Completed
ORD01579,CUST0090,Charger,3 ,1324.09,04-05-2025,North,completed
ORD01261,CUST0129,Charger,,543.28,2025-08-12,East,Completed
ORD01270,CUST0122,Monitor,1,887.04,28/02/2025,SOUTH,PENDING
ORD00147,CUST0146,Tablet,5,1004.03,2025-01-12,West,PENDING
ORD00411,CUST0293,Monitor,3,1092.56,02-26-2025,north,
ORD00919,CUST0268,Headphones,2,1273.02,01-06-2025,SOUTH,PENDING
ORD01318,CUST0038,Webcam,1,655.73,08-27-2025, East ,PENDING
ORD00667,CUST0074,Tablet,,660.74,2025-02-04,South,
ORD01202,CUST0144,Webcam,,729.23,24/01/2025, East ,Cancelled
ORD00301,CUST0096,Charger,4 ,53.5,2025-06-07,West,PENDING
ORD00376,CUST0255,Keyboard,3,1120.56,02/03/2025,East,Pending
ORD00889,CUST0192,Headphones,3,734.03,2025-07-22,South,PENDING
ORD01908,CUST0254,Tablet,4,902.27,2025-04-11,North,
ORD00230,CUST0282,Keyboard,4,982.81,14/08/2025,West,
ORD01553,CUST0188,Keyboard,2 ,1440.98,2025-05-06, East ,completed
ORD01832,CUST0099,Keyboard,2,358.99,01-12-2025,South,Pending
ORD00695,CUST0047,Webcam,5,1281.48,2025-03-29, East ,completed
ORD01355,CUST0197,Webcam,5,1160.25,06-01-2025,East,
ORD01481,CUST0213,Monitor,2 ,1477.88,07-24-2025,East,completed
ORD00722,CUST0023,Laptop,4,1102.88,2025-05-10,West,PENDING
ORD00475,CUST0258,Mouse,3,1182.47,03-19-2025,North,Cancelled
ORD01676,CUST0276,Mouse,4,1036.0,08/06/2025,SOUTH,completed
ORD00738,CUST0148,Laptop,2,536.15,2025-04-27,north,Pending
ORD01166,CUST0233,Charger,1,301.38,2025-05-01,East,completed
ORD01242,CUST0280,Headphones,5,1025.17,08-08-2025,north,Completed
ORD01497,CUST0204,Webcam,1,862.41,04/05/2025,South,
ORD00587,CUST0117,Laptop,,1168.35,2025-04-08,East,PENDING
ORD00142,CUST0286,Laptop,5,1394.34,08-01-2025,East,Completed
ORD00378,CUST0001,Laptop,4,662.95,2025-04-18,West,completed
ORD00398,CUST0227,Webcam,3,1095.91,06-04-2025,North,Pending
ORD01912,CUST0068,Webcam,3,1075.23,2025-02-13,East,completed
ORD00238,CUST0134,Webcam,,362.09,2025-06-20,West,Cancelled
ORD01157,CUST0166,Webcam,1,234.25,2025-04-28,West,Cancelled
ORD00563,CUST0125,Laptop,1,875.8,26/06/2025,SOUTH,PENDING
ORD01991,CUST0070,Webcam,,1116.44,16/05/2025,South,Pending
ORD01911,CUST0012,Charger,5,1015.2,2025-03-09,South,Pending
ORD01524,CUST0165,Charger,3,1173.64,14/02/2025, East ,Completed
ORD01892,CUST0292,Monitor,2,502.23,27/01/2025,North,PENDING
ORD00839,CUST0084,Charger,4,434.55,07-12-2025,South,Completed
ORD01370,CUST0257,Keyboard,,407.29,14/02/2025,North,Cancelled
ORD00559,CUST0128,Charger,4,378.27,2025-01-09,West,
ORD01484,CUST0009,Headphones,,974.57,2025-03-24,South,Pending
ORD00263,CUST0164,Monitor,3 ,476.25,01-12-2025, East ,Pending
ORD01085,CUST0062,Keyboard,4 ,67.17,2025-02-19,West,Completed
ORD00368,CUST0184,Laptop,,1053.84,05-26-2025,South,PENDING
ORD00455,CUST0060,Webcam,5,725.75,05-27-2025,SOUTH,completed
ORD01197,CUST0192,Mouse,1,343.78,2025-07-31,South,Completed
ORD00285,CUST0223,Headphones,4,456.63,2025-07-20,East,Cancelled
ORD01897,CUST0288,Laptop,3 ,1243.74,18/08/2025,West,
ORD00180,CUST0260,Laptop,4 ,1311.26,01-12-2025,West,Cancelled
ORD01247,CUST0072,Tablet,,692.94,2025-01-03,East,PENDING
ORD00489,CUST0115,Headphones,2,702.4,2025-05-11,West,Cancelled
ORD01126,CUST0040,Laptop,5 ,1248.29,2025-04-17, East ,Pending
ORD00432,CUST0161,Charger,,182.69,2025-08-06,North,Pending
ORD00736,CUST0119,Webcam,4,872.27,06-17-2025, East ,Cancelled
ORD00309,CUST0213,Tablet,4,259.21,2025-05-25, East ,Pending
ORD00300,CUST0125,Keyboard,5,248.6,24/05/2025,West,Pending
ORD01199,CUST0027,Headphones,1,175.1,2025-03-19,East,Cancelled
ORD00864,CUST0117,Mouse,5,343.9,08/03/2025, East ,Cancelled
ORD01681,CUST0025,Headphones,5,185.33,13/05/2025,South,completed
ORD00830,CUST0097,Keyboard,1,352.49,10/01/2025,East,Pending
ORD01731,CUST0068,Monitor,5,1253.08,27/05/2025,West,Pending
ORD01138,CUST0020,Headphones,2,235.79,2025-04-29,SOUTH,Completed
ORD01562,CUST0170,Keyboard,4,1241.59,06/04/2025,North,Pending
ORD01152,CUST0186,Charger,4,328.0,2025-02-24, East ,
ORD01343,CUST0209,Laptop,3,1038.69,07-13-2025, East ,completed
ORD00529,CUST0262,Headphones,4,340.92,2025-05-28,North,PENDING
ORD01721,CUST0149,Monitor,4,904.65,2025-05-01,SOUTH,PENDING
ORD00439,CUST0128,Tablet,3,998.93,14/06/2025,South,PENDING
ORD01063,CUST0074,Charger,5,1105.78,01-14-2025,SOUTH,Cancelled
ORD00117,CUST0187,Keyboard,1,1365.35,03-25-2025,West,Pending
ORD01714,CUST0197,Monitor,5,928.28,2025-02-11,north,
ORD01187,CUST0262,Headphones,5 ,620.61,06-04-2025,north,Cancelled
ORD00005,CUST0236,Mouse,4,127.41,03-17-2025,north,Cancelled
ORD01992,CUST0110,Laptop,3,862.11,21/04/2025,East,Pending
ORD00047,CUST0161,Charger,5,1476.51,30/01/2025,north,Pending
ORD00595,,Mouse,,91.26,2025-06-08, East ,Cancelled
ORD00299,CUST0154,Laptop,,181.48,06/08/2025,SOUTH,Completed
ORD01917,CUST0221,Headphones,3 ,1492.44,02/03/2025,South,
ORD00676,CUST0141,Headphones,1,1114.73,2025-06-04,north,
ORD01518,CUST0290,Charger,5,783.26,08-25-2025,West,Completed
ORD00420,CUST0272,Monitor,1,1018.35,06-10-2025,South,Pending
ORD00341,CUST0040,Tablet,4,771.07,15/01/2025, East ,PENDING
ORD01652,CUST0199,Webcam,4,1476.5,2025-06-04,West,completed
ORD00614,CUST0195,Webcam,4,921.14,07-10-2025,north,PENDING
ORD00518,CUST0103,Laptop,,1058.4,2025-08-24,north,Cancelled
ORD01322,CUST0299,Monitor,,529.57,05-16-2025,South,Cancelled
ORD01045,CUST0294,Tablet,3,1043.65,01-25-2025,South,completed
ORD00195,CUST0228,Mouse,,1451.67,03-23-2025,East,
ORD01410,CUST0167,Monitor,1,920.97,07-06-2025,north,completed
ORD01737,CUST0072,Headphones,4,374.29,2025-01-05,West,Cancelled
ORD00572,CUST0055,Tablet,2,157.14,05-27-2025, East ,completed
ORD01666,CUST0085,Laptop,3,764.47,08-09-2025,South,PENDING
ORD00375,CUST0001,Charger,5,58.25,04/06/2025, East ,PENDING
ORD01382,CUST0240,Keyboard,1,664.12,07/06/2025,north,PENDING
ORD00114,CUST0152,Headphones,1,1467.14,18/06/2025,East,Completed
ORD01840,CUST0058,Tablet,4,1364.91,05-29-2025,SOUTH,Pending
ORD00427,CUST0071,Charger,1,772.26,2025-06-08,East,Completed
ORD01184,CUST0144,Charger,1,879.64,07-16-2025,East,Pending
ORD01543,CUST0092,Keyboard,1,977.62,05-07-2025,North,Cancelled
ORD00424,CUST0188,Laptop,4 ,1316.05,03-07-2025,north,Completed
ORD00621,CUST0262,Keyboard,4,830.02,2025-01-12,East,PENDING
ORD01546,CUST0042,Webcam,4,1130.2,15/05/2025,North,PENDING
ORD00110,CUST0290,Keyboard,2,270.85,06/06/2025,north,
ORD00834,CUST0127,Tablet,,150.51,2025-03-26,East,
ORD01821,CUST0284,Charger,5,518.53,2025-05-04,South,Completed
ORD01012,CUST0291,Monitor,2,309.4,2025-07-11, East ,Pending
ORD01895,CUST0214,Laptop,,668.56,2025-07-11,East,PENDING
ORD01853,CUST0026,Webcam,3,1234.15,07-20-2025,West,
ORD01193,CUST0011,Headphones,1,969.06,08-08-2025,North,completed
ORD01280,CUST0179,Laptop,5 ,1134.17,28/03/2025, East ,PENDING
ORD00312,CUST0112,Charger,1,1106.62,2025-06-17,East,Completed
ORD00096,CUST0278,Tablet,4,90.76,13/05/2025,north,completed
ORD00973,CUST0112,Tablet,4,1488.66,2025-05-22,East,Completed
ORD01450,CUST0175,Headphones,,846.28,03-21-2025,West,Completed
ORD00020,CUST0127,Monitor,1 ,513.75,05-31-2025,South,PENDING
ORD00706,CUST0085,Tablet,2,1389.26,2025-01-11,North,
ORD01065,CUST0118,Headphones,,1288.3,20/03/2025, East ,Cancelled
ORD01813,CUST0141,Charger,1,385.65,21/04/2025,South,Completed
ORD00331,CUST0014,Headphones,2 ,781.45,2025-05-11,SOUTH,completed
ORD01298,CUST0151,Monitor,3,372.18,16/07/2025,South,completed
ORD01622,CUST0166,Tablet,5 ,441.09,03-02-2025,West,Pending
ORD01635,CUST0161,Mouse,3,689.36,02-20-2025,north,completed
ORD01169,CUST0266,Webcam,3,263.91,27/05/2025,South,PENDING
ORD01883,CUST0109,Mouse,2,1153.72,07/03/2025,East,Completed
ORD00223,CUST0273,Webcam,5,537.89,07-17-2025,SOUTH,
ORD00825,CUST0024,Laptop,3,761.77,08/04/2025,West,
ORD01224,CUST0142,Headphones,2,71.24,05-14-2025,East,PENDING
ORD01096,CUST0098,Charger,4,1030.19,08-11-2025,North,Pending
ORD00729,CUST0035,Monitor,2,1472.06,03-03-2025,North,
ORD00112,CUST0148,Keyboard,1,668.18,03-30-2025,East,
ORD00699,CUST0231,Laptop,1,515.53,03-28-2025,North,completed
ORD00464,CUST0080,Laptop,2,1393.66,2025-06-02, East ,
ORD00359,CUST0044,Headphones,1 ,42.48,2025-01-17,SOUTH,completed
ORD01154,CUST0110,Headphones,2,1247.52,24/01/2025,East,Cancelled
ORD00314,CUST0220,Keyboard,5,217.46,2025-02-22, East ,Completed
ORD00288,CUST0103,Tablet,3,274.68,12/04/2025,East,
ORD01257,CUST0185,Charger,5,824.41,19/01/2025,South,
ORD01986,CUST0179,Laptop,1 ,461.16,03/05/2025,SOUTH,
ORD01034,CUST0111,Tablet,3,1059.17,2025-04-07, East ,Cancelled
ORD00752,CUST0252,Laptop,3 ,1253.53,19/03/2025,north,
ORD00342,CUST0053,Mouse,2,1113.76,2025-01-01, East ,Completed
ORD00472,CUST0079,Laptop,4,1078.13,2025-01-10,North,Completed
ORD00769,CUST0276,Laptop,,157.04,02-24-2025, East ,
ORD00650,CUST0201,Keyboard,,898.22,06-01-2025, East ,
ORD01649,CUST0105,Keyboard,1,72.07,2025-07-25,SOUTH,Pending
ORD01387,CUST0158,Mouse,2,361.91,22/02/2025,North,
ORD00354,CUST0161,Charger,1,808.53,2025-07-17,West,Cancelled
ORD00502,CUST0036,Monitor,4,584.34,2025-01-28,South,PENDING
ORD01923,CUST0279,Charger,4,1024.31,31/01/2025,West,
ORD00838,CUST0281,Charger,1,604.3,2025-02-15, East ,completed
ORD00018,CUST0273,Keyboard,2,993.03,2025-05-21,East,PENDING
ORD01970,CUST0233,Charger,,835.16,2025-07-06,West,Completed
ORD01758,CUST0043,Mouse,1,132.64,2025-07-08,South,PENDING
ORD00393,CUST0007,Charger,1,627.52,02-07-2025,north,PENDING
ORD00526,CUST0256,Monitor,2,1105.79,12/08/2025,South,Pending
ORD00352,CUST0067,Monitor,3,398.88,22/03/2025,SOUTH,
ORD01017,CUST0162,Monitor,3,1000.97,04-07-2025,North,Cancelled
ORD00831,CUST0254,Laptop,4,541.21,07-01-2025,West,completed
ORD01241,CUST0259,Tablet,4,92.92,01/02/2025,West,completed
ORD00807,CUST0143,Keyboard,3,718.08,05/04/2025,North,
ORD01871,CUST0259,Tablet,3,1487.22,25/01/2025,north,completed
ORD00055,CUST0055,Charger,2,272.07,06-28-2025,West,Completed
ORD00264,CUST0284,Charger,3,237.09,2025-03-26,West,PENDING
ORD00102,CUST0297,Tablet,2,675.36,04/05/2025,East,PENDING
ORD00276,CUST0204,Mouse,3,252.05,03-03-2025, East ,completed
ORD00287,CUST0169,Tablet,3,651.62,07-30-2025,north,Pending
ORD01117,CUST0040,Laptop,2,1168.9,07/02/2025,South,completed
ORD00250,CUST0118,Monitor,4,525.78,2025-03-12,SOUTH,Completed
ORD01073,,Laptop,4,1339.82,06/08/2025,North,Cancelled
ORD01761,CUST0021,Laptop,2,1186.42,18/08/2025, East ,completed
ORD00579,CUST0181,Webcam,5,1487.28,25/03/2025,West,
ORD01975,CUST0277,Monitor,3,838.36,20/03/2025,West,Completed
ORD00705,CUST0024,Keyboard,3,104.2,2025-03-12, East ,completed
ORD00345,CUST0027,Keyboard,2,1208.46,12/01/2025,North,completed
ORD01655,CUST0217,Webcam,1,427.17,2025-06-17,East,Completed
ORD00654,CUST0244,Mouse,3 ,723.19,2025-08-05,East,Cancelled
ORD01170,CUST0202,Laptop,5,649.36,08-29-2025,West,
ORD00575,CUST0137,Laptop,,114.88,2025-03-19,South,PENDING
ORD01846,CUST0300,Mouse,1 ,1035.06,2025-05-04,West,PENDING
ORD00061,CUST0295,Charger,4,18.79,01/04/2025, East ,completed
ORD01305,CUST0199,Charger,3,199.9,06-28-2025,South,
ORD00604,CUST0116,Keyboard,3,1346.79,2025-06-18,North,
ORD00541,CUST0208,Mouse,1,251.38,28/02/2025,East,
ORD01945,CUST0014,Tablet,5,401.65,04-09-2025,East,Completed
ORD00364,CUST0184,Tablet,5,1174.34,03-30-2025,north,Cancelled
ORD01180,CUST0280,Laptop,2 ,787.41,2025-03-07,South,PENDING
ORD00211,CUST0145,Tablet,5,1324.69,06-17-2025,West,Cancelled
ORD00282,CUST0045,Keyboard,4,678.78,05-23-2025,West,Completed
ORD01459,CUST0192,Laptop,3,646.97,08/04/2025,north,PENDING
ORD01979,CUST0240,Tablet,,177.64,05-06-2025, East ,Cancelled
ORD00453,CUST0263,Headphones,,826.23,03-22-2025,SOUTH,PENDING
ORD01380,CUST0240,Webcam,3,850.02,06-18-2025,North,Cancelled
ORD01677,CUST0250,Mouse,4,385.71,2025-01-24,South,
ORD01823,CUST0290,Webcam,1,576.08,2025-06-09,South,Cancelled
ORD01620,CUST0173,Monitor,1,751.01,10/02/2025, East ,PENDING
ORD01021,CUST0205,Mouse,3,647.6,27/08/2025,SOUTH,
ORD00716,CUST0113,Mouse,4,881.79,14/01/2025,South,Pending
ORD00985,CUST0235,Monitor,1,990.36,03-13-2025,north,Cancelled
ORD00325,,Tablet,1,207.72,02-27-2025,SOUTH,completed
ORD01147,CUST0030,Monitor,,1233.64,2025-01-03, East ,Completed
ORD01742,CUST0112,Webcam,1,678.05,03-27-2025,West,Cancelled
ORD00029,CUST0030,Laptop,5 ,720.41,08-24-2025,South,Completed
ORD01623,CUST0158,Keyboard,3 ,949.38,06-25-2025,West,PENDING
ORD00624,CUST0256,Laptop,5,1325.23,2025-03-02,north,
ORD00360,CUST0170,Mouse,1,1414.0,2025-01-13,north,completed
ORD01948,CUST0171,Monitor,3,1192.24,23/01/2025,South,completed
ORD01856,CUST0285,Laptop,3,942.11,03-08-2025,South,PENDING
ORD00225,CUST0251,Webcam,4,529.72,08-28-2025,East,Cancelled
ORD00763,CUST0061,Monitor,2 ,1286.65,02-06-2025,South,Cancelled
ORD00466,CUST0082,Charger,5,810.18,24/01/2025,South,Pending
ORD01557,CUST0148,Laptop,5,1248.57,2025-02-18,East,PENDING
ORD01500,CUST0050,Webcam,5,401.67,20/07/2025,West,
ORD01133,CUST0123,Headphones,2,816.94,2025-01-17,north,Completed
ORD01444,CUST0234,Keyboard,1,1469.27,03-10-2025,East,Completed
ORD00801,CUST0015,Headphones,3,991.42,02-15-2025, East ,Completed
ORD01628,CUST0262,Mouse,4,1127.79,09/06/2025,North,PENDING
ORD01516,CUST0261,Webcam,4,1003.8,06/03/2025,North,Completed
ORD01189,CUST0063,Laptop,3,1035.56,03/07/2025,South,completed
ORD00187,CUST0043,Charger,1 ,651.6,2025-07-30,north,Cancelled
ORD00187,CUST0043,Charger,1 ,651.6,2025-07-30,north,Cancelled
ORD01135,CUST0248,Laptop,1,478.72,2025-03-21,East,Cancelled
ORD00913,CUST0228,Mouse,3,1458.34,04-07-2025,East,completed
ORD00152,CUST0055,Monitor,4,887.42,2025-05-15,West,Cancelled
ORD00216,CUST0077,Keyboard,3,1397.74,2025-03-23,West,PENDING
ORD00099,CUST0237,Mouse,,1249.89,05-08-2025,East,PENDING
ORD01047,CUST0011,Charger,5,1228.02,07-20-2025,West,Completed
ORD01232,CUST0237,Keyboard,4,1175.78,02/08/2025,North,Pending
ORD01248,CUST0179,Charger,5,103.52,2025-06-17,East,
ORD01420,CUST0205,Headphones,1 ,803.67,27/03/2025,SOUTH,Pending
ORD01753,CUST0113,Monitor,4,1358.71,2025-08-26,SOUTH,PENDING
ORD00013,CUST0033,Charger,4 ,897.87,04-30-2025,East,PENDING
ORD00636,CUST0203,Laptop,2,299.08,02/08/2025,SOUTH,completed
ORD01432,CUST0125,Tablet,2,404.12,03-26-2025,SOUTH,Completed
ORD00168,CUST0085,Tablet,1,622.18,06-23-2025,South,completed
ORD00718,CUST0292,Laptop,3,213.39,07/08/2025,West,completed
ORD01183,CUST0254,Charger,5,1420.06,2025-08-25,East,Pending
ORD00189,CUST0181,Charger,3,962.81,2025-07-22,North,
ORD01507,CUST0001,Mouse,3,1065.43,21/06/2025,South,
ORD01560,CUST0110,Mouse,4,1425.45,2025-08-17,SOUTH,Cancelled
ORD00044,CUST0236,Webcam,3,1232.6,2025-08-12,South,Completed
ORD01129,CUST0233,Headphones,5 ,757.79,2025-07-01,West,Pending
ORD00010,CUST0162,Monitor,,753.85,08-15-2025,West,Pending
ORD01381,CUST0005,Keyboard,4,718.49,03-28-2025,North,Pending
ORD00148,CUST0109,Keyboard,3 ,441.28,2025-01-31,West,
ORD01612,CUST0124,Laptop,,1336.93,24/06/2025,East,Pending
ORD00014,,Headphones,,516.86,17/03/2025,South,completed
ORD00390,CUST0018,Keyboard,1 ,1424.39,2025-04-25,South,Pending
ORD01694,CUST0186,Monitor,3 ,615.52,12/07/2025,North,Cancelled
ORD01317,CUST0041,Monitor,,120.78,02-10-2025,East,Cancelled
ORD01003,CUST0179,Tablet,,1035.85,2025-06-28,SOUTH,completed
ORD01550,CUST0091,Keyboard,4,55.21,01-10-2025, East ,Completed
ORD01016,CUST0267,Headphones,4,715.12,03-28-2025,West,Cancelled
ORD01759,CUST0078,Laptop,1,712.1,2025-01-09,East,Cancelled
ORD00758,CUST0040,Monitor,,283.04,01-25-2025, East ,Pending
ORD01964,CUST0189,Headphones,2,1425.06,01-18-2025,South,Pending
ORD00471,CUST0110,Charger,1,316.31,08-01-2025,SOUTH,completed
ORD00620,CUST0084,Mouse,1,180.11,04-26-2025,East,Completed
ORD00603,CUST0257,Headphones,1,942.43,13/08/2025, East ,Completed
ORD00749,CUST0218,Charger,2,1254.91,2025-06-03,South,Pending
ORD01600,CUST0155,Charger,2,1357.76,08/04/2025,North,
ORD00639,CUST0182,Mouse,2,427.89,08/01/2025,West,
ORD00759,CUST0155,Headphones,,1049.97,2025-04-03,north,PENDING
ORD00515,CUST0267,Headphones,,1445.66,2025-01-15,SOUTH,completed
ORD01805,CUST0281,Monitor,1,650.29,06-06-2025,West,Pending
ORD01660,CUST0144,Headphones,,723.97,25/07/2025,North,
ORD01847,CUST0014,Keyboard,3,476.14,2025-06-22, East ,PENDING
ORD01196,CUST0025,Charger,3 ,1047.72,27/04/2025, East ,
ORD00937,CUST0254,Monitor,1,961.76,2025-06-27,West,PENDING
ORD00026,CUST0277,Laptop,1,1390.29,2025-08-06,South,completed
ORD00659,CUST0208,Mouse,5,172.03,07-28-2025, East ,completed
ORD01498,CUST0208,Tablet,2,685.26,03-09-2025,West,Completed
ORD01035,CUST0116,Laptop,2,1286.6,06/07/2025,East,
ORD01253,CUST0129,Mouse,1,1271.73,19/01/2025, East ,Cancelled
ORD00116,CUST0129,Keyboard,,154.77,06-10-2025,North,Cancelled
ORD00025,CUST0217,Keyboard,3,699.32,2025-08-12,West,PENDING
ORD00371,CUST0166,Laptop,1,230.09,2025-06-30, East ,Completed
ORD00931,CUST0100,Keyboard,,768.26,01/04/2025,West,
ORD01855,CUST0009,Keyboard,2,106.13,2025-03-10,North,completed
ORD00612,CUST0008,Headphones,4,341.61,2025-06-21, East ,Pending
ORD01125,CUST0055,Mouse,4 ,1257.78,2025-08-11,North,Pending
ORD00454,CUST0149,Webcam,,207.68,07-01-2025,South,PENDING
ORD00097,CUST0105,Headphones,5,205.21,15/03/2025,SOUTH,completed
ORD00591,CUST0287,Monitor,4,599.03,2025-05-27,north,PENDING
ORD01489,CUST0209,Laptop,5 ,571.78,06-03-2025,north,Pending
ORD01488,CUST0136,Webcam,1 ,1177.07,2025-03-26,West,Completed
ORD00100,CUST0248,Tablet,2,690.61,07/02/2025,South,PENDING
ORD01549,CUST0177,Mouse,,1369.8,03/06/2025,north,Pending
ORD01536,CUST0066,Mouse,5,1065.45,18/05/2025,North,PENDING
ORD01364,CUST0141,Tablet,4,75.44,06-28-2025,East,Cancelled
ORD00358,CUST0072,Mouse,1,101.89,2025-07-19,South,Pending
ORD01114,CUST0058,Tablet,2,1486.24,2025-02-27,East,Cancelled
ORD01052,CUST0161,Webcam,5,811.93,02-23-2025,North,
ORD01797,CUST0048,Keyboard,5,908.33,2025-08-07,East,Completed
ORD01994,CUST0286,Charger,,791.98,25/08/2025, East ,Completed
ORD00829,CUST0085,Webcam,,1491.9,2025-07-15,north,
ORD00692,CUST0200,Headphones,2,1053.08,20/08/2025,north,Completed
ORD01924,CUST0255,Monitor,4 ,782.23,2025-07-26, East ,Completed
ORD01957,CUST0187,Webcam,,1263.95,2025-03-15,north,Pending
ORD00978,CUST0064,Charger,2,125.6,2025-07-15,SOUTH,Cancelled
ORD00271,CUST0182,Headphones,4,127.74,14/04/2025,north,Pending
ORD00119,CUST0059,Tablet,1,219.73,02-27-2025,SOUTH,
ORD01638,CUST0145,Webcam,5 ,1137.17,01-11-2025,North,
ORD00118,CUST0188,Headphones,2,392.89,31/07/2025, East ,Cancelled
ORD01216,CUST0243,Charger,3 ,41.03,2025-03-09,South,
ORD01966,CUST0157,Mouse,1,571.96,2025-01-03,north,Pending
ORD00501,CUST0299,Keyboard,5,992.88,2025-03-09,SOUTH,
ORD00934,CUST0075,Laptop,2,765.59,08-02-2025, East ,Completed
ORD01362,CUST0098,Charger,3,276.72,2025-07-11,South,completed
ORD01893,CUST0100,Keyboard,2,171.45,2025-08-03,East,Pending
ORD01122,CUST0105,Laptop,3,841.98,2025-02-04,North,Cancelled
ORD00165,CUST0270,Mouse,,1008.98,11/05/2025,North,Cancelled
ORD00856,CUST0284,Headphones,1,736.37,05-05-2025,north,
ORD01528,CUST0287,Keyboard,4,931.52,2025-01-20,North,Completed
ORD01869,CUST0025,Monitor,2,894.04,06-11-2025,South,completed
ORD01864,CUST0272,Laptop,2,1098.86,2025-04-05,north,
ORD00877,CUST0276,Webcam,4 ,1090.4,2025-07-09,north,PENDING
ORD00379,CUST0193,Mouse,4,1185.21,05-28-2025, East ,
ORD00064,CUST0043,Charger,2,1301.61,2025-02-16,East,completed
ORD01118,CUST0245,Mouse,1 ,870.99,06/07/2025,South,Completed
ORD00719,CUST0152,Keyboard,,1429.61,2025-08-20,north,PENDING
ORD00295,CUST0170,Charger,1,25.72,2025-03-08,north,
ORD01679,CUST0232,Monitor,5,621.8,01-03-2025,South,PENDING
ORD00316,CUST0049,Keyboard,4,1378.97,03-12-2025,South,
ORD00131,CUST0065,Charger,5 ,179.34,17/01/2025,West,Cancelled
ORD00861,CUST0242,Keyboard,5,318.74,06-26-2025,North,
ORD00190,CUST0082,Laptop,2,1274.52,23/06/2025,North,Pending
ORD00028,CUST0285,Tablet,2,292.95,2025-02-25,north,
ORD00900,CUST0031,Webcam,2,50.49,15/01/2025,West,Completed
ORD00954,CUST0169,Headphones,3,1120.36,07-16-2025, East ,Cancelled
ORD00833,CUST0289,Monitor,5,1497.03,01-02-2025, East ,PENDING
ORD01258,CUST0271,Tablet,2,1250.28,27/05/2025,north,Cancelled
ORD01307,CUST0224,Headphones,4,1053.17,2025-07-07,SOUTH,PENDING
ORD00790,CUST0241,Laptop,3 ,572.83,10/04/2025,north,Completed
ORD00770,CUST0095,Tablet,,1437.04,16/02/2025,West,completed
ORD01611,CUST0203,Headphones,5,624.3,13/06/2025,South,completed
ORD01201,CUST0300,Charger,,675.7,02-01-2025,north,Pending
ORD00267,CUST0039,Laptop,1 ,624.46,08-04-2025,South,Completed
ORD00916,,Laptop,3,744.33,06-30-2025,north,Pending
ORD01540,CUST0221,Keyboard,4,330.65,26/04/2025,north,
ORD00076,CUST0142,Laptop,5,1422.61,2025-01-22,SOUTH,completed
ORD01478,CUST0226,Mouse,4 ,47.88,08-11-2025, East ,
ORD01423,CUST0190,Laptop,,906.0,07-22-2025,West,PENDING
ORD00906,,Laptop,4,1442.06,08/06/2025,SOUTH,Pending
ORD00740,CUST0106,Laptop,,482.25,2025-03-30,East,completed
ORD01334,CUST0194,Charger,2,1229.26,13/08/2025, East ,Completed
ORD01953,CUST0068,Tablet,1,414.81,2025-02-03, East ,PENDING
ORD01796,CUST0187,Mouse,4,469.49,18/03/2025,North,Completed
ORD01309,CUST0261,Headphones,1,356.07,07/05/2025,North,PENDING
ORD01348,CUST0268,Webcam,5,1335.42,05-25-2025,South,Pending
ORD01816,,Tablet,4,411.76,2025-05-03,West,Pending
ORD01899,CUST0076,Charger,,406.4,07-20-2025,West,PENDING
ORD00181,CUST0035,Webcam,2,1102.08,2025-06-10, East ,PENDING
ORD01627,CUST0294,Monitor,,893.32,2025-03-02,West,PENDING
ORD00739,CUST0090,Keyboard,2,364.48,11/01/2025,north,Pending
ORD00842,CUST0219,Mouse,1,774.88,04-29-2025,South,
ORD00377,CUST0172,Tablet,1 ,405.17,03-05-2025,North,Cancelled
ORD00684,CUST0035,Laptop,4,155.57,01-27-2025,West,Cancelled
ORD00024,CUST0051,Laptop,4,1095.04,2025-07-24,South,Pending
ORD00347,CUST0125,Tablet,3,891.62,2025-05-07,SOUTH,PENDING
ORD01687,CUST0244,Charger,5,1379.72,2025-08-21,North,Completed
ORD00596,CUST0057,Headphones,4,712.07,2025-03-26,SOUTH,PENDING
ORD01768,CUST0155,Monitor,4 ,987.71,2025-04-04,West,Pending
ORD00009,CUST0029,Monitor,1,1209.52,13/04/2025,North,Pending
ORD00229,CUST0120,Laptop,1 ,625.82,03/07/2025,North,
ORD00490,CUST0085,Keyboard,4,247.24,05-25-2025,SOUTH,Pending
ORD00214,CUST0061,Keyboard,1,596.92,23/07/2025,north,Cancelled
ORD00869,CUST0104,Tablet,4,1156.14,2025-01-02, East ,completed
ORD01083,CUST0262,Keyboard,2,428.9,30/01/2025,SOUTH,Pending
ORD00450,CUST0222,Tablet,5,1173.81,2025-08-22,SOUTH,PENDING
ORD01483,CUST0034,Charger,,458.03,2025-06-29,SOUTH,
ORD00016,CUST0192,Keyboard,5 ,1430.71,08-25-2025,North,PENDING
ORD01517,CUST0125,Tablet,2,890.72,20/06/2025,North,
ORD01830,,Webcam,1,142.18,2025-05-30,north,Cancelled
ORD00685,CUST0099,Laptop,1,932.9,01-15-2025,SOUTH,Pending
ORD01996,CUST0180,Charger,1,1217.59,07-08-2025,North,Pending
ORD01981,CUST0028,Monitor,2,66.11,12/01/2025, East ,PENDING
ORD01492,CUST0050,Tablet,4 ,1125.59,08-07-2025,South,Pending
ORD00547,CUST0244,Tablet,5,1402.94,21/05/2025,South,
ORD01192,CUST0024,Headphones,4,187.7,2025-04-26,north,Cancelled
ORD00644,CUST0019,Tablet,4,1073.38,2025-05-14,North,Cancelled
ORD00355,CUST0047,Keyboard,,463.28,06-30-2025,north,Completed
ORD00780,CUST0168,Keyboard,3,936.73,2025-01-25,SOUTH,PENDING
ORD00208,CUST0137,Tablet,2,219.91,13/01/2025,West,PENDING
ORD01377,CUST0300,Charger,2,811.54,02-23-2025,West,Cancelled
ORD01671,CUST0097,Laptop,5,1201.9,2025-05-07,North,
ORD01697,CUST0039,Charger,5 ,56.06,01-17-2025,North,
ORD00417,,Mouse,4,505.62,15/02/2025,SOUTH,Completed
ORD01467,CUST0133,Headphones,5,1124.0,2025-01-06,North,
ORD01095,CUST0258,Laptop,2 ,902.74,2025-06-28,East,Completed
ORD01206,CUST0232,Monitor,4,290.05,13/03/2025,South,
ORD00732,CUST0273,Headphones,4,935.22,07-24-2025,SOUTH,Completed
ORD00443,CUST0010,Mouse,4,624.38,05-23-2025,North,Completed
ORD01862,CUST0207,Monitor,,1016.87,03-29-2025,SOUTH,Pending
ORD01786,CUST0143,Mouse,3,1185.61,2025-04-01,West,Pending
ORD00537,CUST0131,Tablet,,153.49,10/07/2025,East,Cancelled
ORD00349,CUST0001,Charger,,1093.55,2025-01-27,north,Pending
ORD00689,CUST0136,Keyboard,4,113.4,2025-08-26,north,completed
ORD00404,CUST0110,Monitor,,345.42,22/02/2025,SOUTH,completed
ORD00363,CUST0215,Monitor,,1328.13,2025-05-15,SOUTH,PENDING
ORD00027,CUST0206,Laptop,2,574.67,10/04/2025, East ,completed
ORD01533,CUST0291,Monitor,4,287.23,05-13-2025,West,
ORD01207,CUST0053,Keyboard,4,1315.53,2025-07-10,South,Completed
ORD00178,CUST0256,Laptop,,777.91,03-03-2025,South,Cancelled
ORD01989,CUST0236,Charger,4,1131.46,2025-02-05,North,PENDING
ORD01708,CUST0254,Tablet,5 ,879.54,03-12-2025,north,completed
ORD00984,CUST0119,Monitor,1,541.3,2025-02-14,West,
ORD00743,CUST0227,Webcam,,177.35,2025-05-03,South,
ORD00253,CUST0120,Webcam,5,900.9,22/06/2025,South,Cancelled
ORD00415,CUST0299,Mouse,4,1335.24,2025-05-09, East ,
ORD00559,CUST0128,Charger,4,378.27,2025-01-09,West,
ORD00554,CUST0149,Mouse,,688.46,26/04/2025,SOUTH,PENDING
ORD00194,CUST0110,Headphones,,1375.55,2025-05-06,North,Pending
ORD01172,CUST0134,Keyboard,3,313.61,2025-01-24,West,Completed
ORD00735,CUST0068,Tablet,3 ,635.99,07-08-2025,North,Cancelled
ORD01075,CUST0252,Monitor,1 ,798.35,2025-08-19,West,Completed
ORD00446,CUST0175,Webcam,,1447.01,03-16-2025,north,Cancelled
ORD00821,CUST0106,Monitor,3 ,1092.8,18/02/2025,South,completed
ORD01682,CUST0149,Webcam,4 ,173.42,2025-02-09,South,completed
ORD01190,CUST0120,Mouse,4,432.59,02-24-2025,South,Completed
ORD01941,CUST0069,Headphones,4,1247.16,2025-02-26,north,PENDING
ORD00452,CUST0128,Headphones,4,1445.75,17/03/2025, East ,Pending
ORD01434,CUST0019,Keyboard,2,787.45,2025-01-07,East,PENDING
ORD00465,CUST0252,Webcam,1,1178.21,03-23-2025,South,Pending
ORD00717,CUST0199,Webcam,2 ,692.03,02-19-2025,East,Cancelled
ORD00459,CUST0288,Charger,2,771.27,07-23-2025,East,
ORD01409,CUST0213,Keyboard,3 ,407.91,06-03-2025,East,Completed
ORD00979,CUST0111,Laptop,,803.13,04-24-2025,North,
ORD01449,CUST0253,Keyboard,3,765.87,12/05/2025,SOUTH,Cancelled
ORD01345,CUST0054,Charger,,125.48,2025-02-02,South,PENDING
ORD00370,CUST0001,Webcam,5,310.18,03/02/2025,SOUTH,Pending
ORD00485,CUST0185,Keyboard,,1102.13,13/08/2025,West,completed
ORD00708,CUST0244,Keyboard,2,223.2,03-11-2025,West,completed
ORD01654,CUST0001,Headphones,4,578.32,2025-05-26,North,Completed
ORD00308,CUST0005,Tablet,2,300.74,04-09-2025,north,
ORD00286,CUST0254,Monitor,4,169.39,2025-03-19,West,Cancelled
ORD00652,CUST0240,Mouse,4,472.48,06-14-2025, East ,completed
ORD01703,CUST0218,Monitor,5,1336.92,02-05-2025,East,Pending
ORD01766,CUST0061,Keyboard,1,1497.36,2025-02-02,SOUTH,Completed
ORD01633,CUST0217,Laptop,3,398.87,06/02/2025,North,Completed
ORD01284,CUST0293,Charger,1,927.17,03/04/2025,SOUTH,Cancelled
ORD01330,CUST0181,Mouse,,83.33,23/02/2025,north,Pending
ORD01462,CUST0193,Laptop,1,93.61,29/03/2025,north,Cancelled
ORD00658,CUST0294,Tablet,1,892.32,29/04/2025,north,Completed
ORD00811,CUST0209,Laptop,3,1301.0,30/07/2025,West,
ORD00700,CUST0268,Tablet,,1306.6,2025-05-18,SOUTH,PENDING
ORD01972,CUST0112,Keyboard,1,495.48,2025-02-14,north,PENDING
ORD00694,CUST0247,Mouse,5,807.6,02/04/2025,SOUTH,Cancelled
ORD00747,CUST0219,Webcam,4,565.52,14/03/2025,East,Cancelled
ORD00673,CUST0241,Webcam,4,535.84,24/07/2025,East,Pending
ORD01287,CUST0041,Headphones,5,831.66,17/01/2025,South,Cancelled
ORD00098,CUST0123,Keyboard,3,830.75,22/05/2025,North,Pending
ORD01385,CUST0154,Monitor,5,1130.26,02-03-2025,East,Completed
ORD01576,,Mouse,2,1145.64,01-10-2025,north,Completed
ORD00798,CUST0223,Charger,3,1291.68,2025-08-22,SOUTH,Pending
ORD00140,CUST0160,Webcam,1 ,871.1,2025-02-24,SOUTH,completed
ORD00836,CUST0138,Laptop,3,1454.96,06-17-2025,West,Cancelled
ORD00972,CUST0123,Keyboard,3,1325.01,18/05/2025,SOUTH,Completed
ORD01299,CUST0124,Tablet,,1436.84,15/04/2025,North,Cancelled
ORD01390,CUST0205,Webcam,3,1231.49,06/07/2025,north,completed
ORD01778,CUST0203,Headphones,1 ,800.81,2025-01-11, East ,completed
ORD00986,CUST0211,Headphones,5,754.37,01-27-2025,north,PENDING
ORD01211,CUST0222,Mouse,,84.31,2025-03-05,South,Completed
ORD00803,CUST0204,Keyboard,2,176.78,07-08-2025,North,PENDING
ORD00129,CUST0076,Laptop,3 ,1289.03,2025-02-07,north,Cancelled
ORD00721,CUST0127,Monitor,3,657.03,02-26-2025,South,PENDING
ORD00701,CUST0073,Tablet,,38.4,08-21-2025,North,Pending
ORD01998,CUST0073,Headphones,2,641.55,04-02-2025,East,PENDING
ORD01589,CUST0104,Keyboard,2,468.27,17/01/2025,north,Cancelled
ORD00523,CUST0196,Monitor,,1054.75,24/07/2025,West,Cancelled
ORD00265,CUST0173,Headphones,4,1450.1,06-14-2025,West,completed
ORD00167,CUST0277,Laptop,,511.78,07-16-2025,South,PENDING
ORD01051,CUST0128,Headphones,1,1419.86,13/05/2025,SOUTH,PENDING
ORD01632,CUST0062,Headphones,,100.24,2025-08-15,north,PENDING
ORD00664,CUST0184,Mouse,3,1299.86,02/03/2025,SOUTH,PENDING
ORD00632,CUST0270,Webcam,2,925.29,05-08-2025,SOUTH,
ORD00499,,Headphones,2,779.79,04-14-2025,north,
ORD01688,CUST0101,Tablet,,1494.82,04-06-2025,East,completed
ORD01592,CUST0144,Monitor,1,999.16,07/02/2025,North,Completed
ORD01702,CUST0123,Monitor,3,1458.79,19/02/2025,north,
ORD00949,CUST0232,Monitor,4,335.7,19/04/2025,north,Pending
ORD00433,CUST0184,Tablet,5,409.78,2025-07-07,East,Cancelled
ORD01188,CUST0166,Charger,2,543.04,2025-01-19,SOUTH,Cancelled
ORD01523,CUST0167,Tablet,,1486.55,2025-03-09,South,PENDING
ORD00069,CUST0014,Headphones,5,1019.25,07/04/2025,SOUTH,Pending
ORD00971,CUST0222,Tablet,4,1367.14,02-16-2025,north,Completed
ORD00703,CUST0055,Mouse,4,896.52,2025-06-07,North,Pending
ORD01229,CUST0113,Laptop,4,1400.07,03-05-2025,SOUTH,completed
ORD01837,CUST0137,Webcam,4,244.52,06-02-2025,SOUTH,PENDING
ORD00574,CUST0041,Tablet,,100.44,05-23-2025,West,Cancelled
ORD00335,CUST0204,Headphones,,1071.82,16/07/2025,West,
ORD00339,CUST0006,Keyboard,4,1429.99,05-14-2025, East ,
ORD00883,CUST0127,Mouse,3,779.51,19/02/2025,West,Completed
ORD00665,CUST0196,Charger,4,658.43,02-24-2025,South,completed
ORD00384,CUST0079,Laptop,3,15.69,23/01/2025, East ,
ORD00968,CUST0104,Laptop,2,674.14,31/07/2025,north,Pending
ORD00056,CUST0063,Tablet,2,1204.11,06-20-2025,north,PENDING
ORD01295,CUST0298,Webcam,2,574.47,2025-05-30,SOUTH,
ORD01779,CUST0025,Mouse,3,807.53,08-19-2025,West,Completed
ORD00730,CUST0298,Monitor,,1143.72,24/03/2025,East,PENDING
ORD01574,CUST0163,Laptop,1,1030.3,04-15-2025,north,Completed
ORD01961,CUST0218,Keyboard,,159.55,19/03/2025, East ,PENDING
ORD01725,CUST0048,Laptop,3,128.09,27/08/2025,West,Pending
ORD00171,CUST0071,Headphones,1,965.36,12/08/2025,north,Completed
ORD00174,CUST0042,Webcam,2,52.0,2025-08-27, East ,
ORD00994,CUST0252,Mouse,2,87.64,2025-02-06,South,Completed
ORD00327,CUST0161,Webcam,3,214.32,2025-07-18,SOUTH,
ORD00504,CUST0061,Mouse,4,992.49,08-19-2025,north,Completed
ORD01103,CUST0009,Mouse,,1121.2,04-08-2025,East,
ORD00410,CUST0072,Laptop,,751.09,17/03/2025,West,completed
ORD01988,CUST0059,Keyboard,4 ,82.14,02-08-2025,South,Completed
ORD00298,CUST0234,Monitor,5,729.56,2025-05-02,West,
ORD01529,CUST0208,Headphones,2 ,1076.67,17/05/2025,West,Pending
ORD00863,CUST0184,Headphones,3 ,1018.62,02-14-2025,North,Completed
ORD01174,CUST0096,Monitor,,1347.88,2025-03-18,north,Pending
ORD01278,CUST0154,Mouse,1,425.85,06/06/2025,West,Completed
ORD01398,CUST0273,Charger,,129.21,02/01/2025,SOUTH,PENDING
ORD00766,CUST0006,Mouse,1 ,1380.95,02-22-2025,South,Pending
ORD00672,CUST0040,Headphones,5,88.63,03-29-2025, East ,Completed
ORD00649,CUST0174,Tablet,1 ,203.81,05-01-2025,North,Completed
ORD01072,CUST0149,Headphones,4,447.38,2025-02-24,SOUTH,
ORD01727,CUST0294,Keyboard,3,826.43,2025-04-19,South,Completed
ORD00726,CUST0238,Laptop,,115.34,08-17-2025,East,PENDING
ORD01582,CUST0205,Keyboard,,799.61,2025-03-04,SOUTH,Pending
ORD01887,CUST0271,Keyboard,4 ,78.72,03-01-2025,East,PENDING
ORD00748,CUST0045,Monitor,,1332.83,09/07/2025, East ,completed
ORD00862,CUST0081,Tablet,1,1192.29,07/05/2025,South,Pending
ORD00532,CUST0133,Keyboard,5,401.65,10/03/2025,north,Cancelled
ORD00408,CUST0056,Tablet,1,511.06,03-12-2025,East,Cancelled
ORD00200,CUST0283,Keyboard,2,654.6,2025-08-22, East ,Completed
ORD00474,CUST0061,Laptop,,1083.23,01-17-2025,north,Completed
ORD01200,CUST0195,Headphones,,263.8,02-05-2025,West,Completed
ORD01009,CUST0177,Keyboard,3,1125.61,08-27-2025,West,
ORD01745,CUST0137,Keyboard,2,1145.54,2025-02-20,north,completed
ORD01597,CUST0214,Keyboard,3 ,1278.37,02-19-2025,East,PENDING
ORD00217,CUST0173,Tablet,,848.76,2025-05-02,East,Cancelled
ORD00254,CUST0267,Monitor,4,457.75,01-16-2025,north,
ORD00153,CUST0087,Mouse,5,953.5,05-16-2025,South,Cancelled
ORD01308,CUST0043,Keyboard,1,894.39,04-05-2025,SOUTH,completed
ORD00962,CUST0201,Charger,2,1423.55,01-17-2025,West,Pending
ORD01765,CUST0121,Headphones,,496.65,03/03/2025,South,
ORD01294,CUST0077,Laptop,1,917.47,26/07/2025,north,
ORD01479,CUST0225,Charger,2,316.39,04-08-2025, East ,Completed
ORD01006,CUST0083,Laptop,1,1158.75,06-14-2025,West,completed
ORD01227,CUST0064,Laptop,4 ,465.67,21/04/2025,SOUTH,Completed
ORD01965,CUST0055,Keyboard,2,1256.14,2025-02-02,north,Pending
ORD01269,CUST0060,Tablet,1,1346.75,20/08/2025,East,Pending
ORD00531,CUST0266,Tablet,3,1036.92,01-04-2025,South,completed
ORD01171,CUST0265,Keyboard,4,354.14,2025-07-01,north,Completed
ORD01466,CUST0185,Tablet,,1328.03,17/02/2025,West,Pending
ORD00241,CUST0112,Monitor,,1134.56,2025-08-12,north,completed
ORD01153,CUST0091,Mouse,2,113.2,2025-04-14,East,
ORD01091,CUST0142,Monitor,5 ,582.23,2025-08-16,South,
ORD00188,CUST0152,Headphones,4 ,907.91,2025-04-20,SOUTH,completed
ORD00247,CUST0216,Webcam,4,678.32,23/08/2025,West,Completed
ORD01347,CUST0281,Charger,4,23.8,31/01/2025,East,
ORD01428,CUST0241,Charger,1,1176.73,03-08-2025,north,Completed
ORD01071,CUST0195,Keyboard,3,1454.9,03-28-2025,South,PENDING
ORD00936,CUST0170,Webcam,5,456.45,2025-03-26,North,completed
ORD00693,,Tablet,4,611.83,2025-07-06,north,Pending
ORD00303,CUST0188,Webcam,2,691.75,03-09-2025, East ,completed
ORD00284,CUST0125,Keyboard,,577.29,05/02/2025,East,Cancelled
ORD00947,CUST0261,Webcam,4,783.15,15/02/2025,SOUTH,Cancelled
ORD00506,CUST0196,Webcam,5,1208.89,08-21-2025,north,Completed
ORD01983,CUST0183,Keyboard,2,959.77,2025-04-11, East ,Completed
ORD00322,CUST0009,Mouse,2,667.52,01/01/2025,South,
ORD01902,CUST0077,Monitor,5,1196.46,03-21-2025,East,
ORD01578,CUST0177,Tablet,4,1379.95,09/02/2025,north,Cancelled
ORD01835,CUST0082,Tablet,4,21.36,2025-04-06,north,Pending
ORD00622,CUST0084,Keyboard,2,1156.04,14/01/2025,East,Cancelled
ORD01931,CUST0129,Headphones,,203.68,08-14-2025,East,
ORD01237,CUST0290,Tablet,,503.65,2025-01-16,SOUTH,PENDING
ORD00123,CUST0210,Mouse,2,77.57,10/01/2025,West,Completed
ORD00857,CUST0250,Monitor,,100.45,05/01/2025,north,Cancelled
ORD00511,CUST0158,Webcam,,603.21,02-05-2025,North,
ORD00281,CUST0200,Webcam,3 ,168.76,02/01/2025,West,Cancelled
ORD01675,CUST0022,Tablet,1,754.99,2025-03-31,East,
ORD01275,CUST0178,Charger,,1426.34,05/05/2025,North,Pending
ORD01422,CUST0042,Charger,1 ,494.28,2025-03-05,north,
ORD01028,CUST0288,Charger,2,343.09,30/01/2025,North,Completed
ORD01059,CUST0141,Laptop,1,571.96,26/02/2025,North,Completed
ORD01082,CUST0005,Charger,4,441.31,2025-05-05, East ,completed
ORD00757,CUST0070,Webcam,2,88.8,03/04/2025,SOUTH,Cancelled
ORD00678,CUST0075,Keyboard,4,1131.61,16/04/2025,South,
ORD00519,CUST0299,Webcam,3,1445.3,2025-03-12,north,Pending
ORD01204,CUST0198,Monitor,4,165.76,02-23-2025, East ,PENDING
ORD02000,CUST0028,Charger,1 ,549.12,11/02/2025,South,PENDING
ORD00068,CUST0189,Keyboard,5 ,914.8,07-11-2025,North,Pending
ORD00333,CUST0185,Webcam,2,586.39,08-03-2025,West,Cancelled
ORD00569,CUST0260,Charger,,286.45,01-05-2025, East ,Cancelled
ORD00899,CUST0051,Keyboard,3,224.61,2025-03-07,South,Cancelled
ORD01228,CUST0146,Keyboard,1 ,1072.66,02-06-2025,South,completed
ORD01468,CUST0250,Laptop,5 ,99.83,12/05/2025,North,PENDING
ORD01751,CUST0126,Monitor,1,656.47,11/03/2025,north,Cancelled
ORD00473,CUST0037,Monitor,3,617.37,04-26-2025,West,completed
ORD00998,CUST0247,Laptop,4,646.82,22/01/2025,north,PENDING
ORD00512,CUST0083,Mouse,2,767.43,21/07/2025, East ,PENDING
ORD00478,CUST0285,Keyboard,1 ,72.24,05-27-2025,West,PENDING
ORD01706,CUST0201,Tablet,,413.4,26/05/2025,north,Cancelled
ORD01436,CUST0150,Charger,3 ,958.78,2025-01-08,north,Cancelled
ORD00319,CUST0002,Mouse,,1458.5,06-12-2025,SOUTH,Cancelled
ORD00993,CUST0128,Monitor,5 ,1310.33,14/05/2025,South,completed
ORD01905,CUST0172,Laptop,1 ,1418.56,04-07-2025,North,PENDING
ORD01042,CUST0207,Monitor,1,187.02,12/04/2025,East,
ORD00582,CUST0004,Headphones,2,330.09,2025-03-22, East ,
ORD00133,CUST0032,Tablet,4 ,645.15,28/01/2025,SOUTH,completed
ORD01769,CUST0130,Charger,2,1220.65,04-29-2025,West,
ORD00880,CUST0260,Webcam,1 ,81.12,2025-06-16,West,Cancelled
ORD01296,CUST0041,Mouse,2,852.45,05-28-2025,north,
ORD01448,CUST0227,Monitor,5,1210.59,07/06/2025,North,Cancelled
ORD01316,CUST0228,Charger,4,401.95,2025-08-10,East,
ORD00369,CUST0253,Headphones,2,740.75,2025-01-24,South,PENDING
ORD00733,CUST0045,Mouse,4,1347.94,2025-03-15,North,Pending
ORD01397,CUST0231,Webcam,4,1070.91,08-05-2025,East,Completed
ORD00126,CUST0121,Webcam,1,1471.58,04-05-2025,SOUTH,Cancelled
ORD01610,CUST0097,Mouse,,1144.88,2025-02-18, East ,Cancelled
ORD01068,CUST0273,Mouse,4,30.71,02-18-2025,North,
ORD00257,CUST0238,Laptop,5,624.89,04-17-2025,north,Pending
ORD00232,CUST0020,Keyboard,4,1324.55,2025-02-15, East ,completed
ORD01140,CUST0175,Tablet,2,515.14,04-03-2025, East ,completed
ORD00290,CUST0280,Keyboard,,1153.75,01-07-2025,West,
ORD01575,CUST0165,Webcam,1,223.79,01-27-2025,South,Completed
ORD00778,CUST0262,Headphones,2,1154.32,2025-01-28,East,completed
ORD00082,CUST0028,Headphones,,1416.69,13/06/2025,North,Completed
ORD00054,CUST0213,Monitor,,1047.57,07/05/2025,South,Pending
ORD00944,CUST0192,Webcam,5,650.01,2025-06-12,North,PENDING
ORD01110,CUST0174,Mouse,2,217.45,07-14-2025,West,Pending
ORD00558,CUST0037,Tablet,2 ,296.37,04/08/2025, East ,completed
ORD01785,CUST0139,Keyboard,1 ,1149.7,2025-03-28,north,PENDING
ORD00041,CUST0182,Charger,5,1126.72,2025-08-25, East ,Pending
ORD01159,CUST0019,Monitor,,1468.76,04-18-2025,north,Pending
ORD00262,CUST0184,Headphones,3,545.87,14/08/2025,West,Completed
ORD00669,CUST0004,Tablet,,362.76,09/05/2025,West,PENDING
ORD00948,CUST0254,Tablet,3,875.97,06-13-2025,SOUTH,Completed
ORD00084,CUST0028,Keyboard,2,1218.6,2025-03-19,South,Completed
ORD01151,CUST0080,Tablet,2 ,963.92,03-23-2025,North,PENDING
ORD01391,CUST0014,Monitor,5 ,275.46,02/03/2025,East,Cancelled
ORD01593,CUST0195,Tablet,2,1153.04,05-31-2025, East ,Cancelled
ORD00858,CUST0214,Tablet,1 ,747.24,08-29-2025,East,completed
ORD00031,CUST0297,Laptop,5,132.16,06-18-2025,north,PENDING
ORD00514,CUST0046,Mouse,3,340.44,01-21-2025,North,
ORD01029,CUST0097,Mouse,5,557.93,07/08/2025,West,PENDING
ORD01396,CUST0206,Charger,1,461.4,03-08-2025,SOUTH,Completed
ORD01718,CUST0197,Charger,1,816.48,2025-03-11,SOUTH,completed
ORD01048,,Monitor,,1347.43,02-16-2025,SOUTH,Pending
ORD01494,CUST0116,Headphones,2,1097.75,19/03/2025,SOUTH,completed
ORD01337,CUST0296,Tablet,4,443.95,2025-01-24,West,PENDING
ORD01634,CUST0041,Webcam,4,1165.94,07/02/2025,SOUTH,completed
ORD00987,CUST0167,Charger,,1387.58,07-17-2025,South,Cancelled
ORD01555,CUST0202,Monitor,3,487.27,2025-04-25,East,
ORD01885,CUST0108,Headphones,3 ,1127.0,2025-01-11,South,Cancelled
ORD01925,CUST0277,Keyboard,1,991.78,2025-02-13,South,
ORD00049,CUST0154,Headphones,,618.51,04-14-2025,East,PENDING
ORD01689,CUST0095,Charger,1,843.9,2025-03-01,South,Cancelled
ORD01906,CUST0038,Webcam,1,685.17,2025-07-18, East ,
ORD00468,CUST0125,Laptop,,1329.63,2025-04-08,West,Cancelled
ORD00154,CUST0076,Monitor,1,228.2,2025-02-20,north,Pending
ORD01609,CUST0032,Tablet,2,766.3,2025-01-21,South,Cancelled
ORD01926,CUST0045,Charger,,1311.44,2025-04-04, East ,Cancelled
ORD00395,CUST0243,Laptop,2 ,420.37,02-06-2025,north,
ORD00124,CUST0070,Charger,4,562.81,07-10-2025,north,completed
ORD00356,CUST0076,Mouse,,379.85,02/04/2025,north,Completed
ORD00135,CUST0272,Headphones,4,763.27,2025-04-21, East ,
ORD00269,,Charger,1,34.92,04/07/2025,north,Cancelled
ORD00386,CUST0251,Headphones,1,966.38,2025-04-10,East,completed
ORD00610,CUST0119,Monitor,,48.87,01-21-2025, East ,completed
ORD00221,CUST0078,Charger,,313.8,05-09-2025,West,
ORD00042,CUST0212,Laptop,2,1107.48,27/03/2025, East ,
ORD00220,,Keyboard,,370.87,05-27-2025,North,Pending
ORD00598,CUST0270,Laptop,3 ,263.78,2025-03-14, East ,
ORD01288,CUST0254,Keyboard,2,949.2,02-07-2025,SOUTH,Completed
ORD01277,CUST0121,Tablet,,1148.65,2025-01-30,West,Completed
ORD00681,CUST0148,Tablet,4,1020.96,05-16-2025,North,Completed
ORD01530,CUST0151,Mouse,3,1499.16,2025-04-24,South,PENDING
ORD01960,CUST0060,Webcam,3,113.17,02/01/2025,East,completed
ORD01454,CUST0108,Keyboard,3,243.02,16/07/2025, East ,Pending
ORD00542,CUST0203,Headphones,4,1173.65,29/08/2025,SOUTH,PENDING
ORD01078,CUST0057,Monitor,3,69.98,12/04/2025,SOUTH,Cancelled
ORD00886,CUST0226,Tablet,,1460.18,2025-07-30,South,PENDING
ORD01482,CUST0234,Laptop,1,576.24,18/04/2025, East ,Completed
ORD01933,CUST0019,Tablet,1,541.84,2025-02-15,north,completed
ORD01107,CUST0097,Mouse,2,117.35,04/03/2025,SOUTH,completed
ORD00982,CUST0033,Monitor,1,1197.42,08-01-2025,South,
ORD01324,CUST0148,Charger,4,494.84,19/06/2025,North,Pending
ORD01127,CUST0271,Headphones,4,623.17,28/03/2025, East ,
ORD01121,CUST0043,Charger,5,871.04,06-27-2025,South,
ORD01619,CUST0223,Keyboard,2 ,893.48,2025-02-17,North,Completed
ORD01874,CUST0255,Headphones,,432.64,2025-06-02,SOUTH,completed
ORD01859,CUST0158,Charger,3,246.3,04/03/2025, East ,
ORD01260,CUST0052,Mouse,4,353.55,06-03-2025,East,Completed
ORD01873,CUST0213,Mouse,5,200.58,06-02-2025,North,Pending
ORD01019,CUST0128,Webcam,4 ,931.34,18/06/2025,north,completed
ORD00926,CUST0038,Tablet,1,941.77,2025-05-29,North,Completed
ORD00952,CUST0092,Tablet,2,405.78,20/01/2025,North,Cancelled
ORD00337,CUST0034,Headphones,,661.85,2025-08-05,North,Pending
ORD00233,CUST0149,Laptop,1,454.6,2025-06-04,East,Cancelled
ORD01950,CUST0110,Charger,4,1094.48,2025-05-15,South,completed
ORD01458,CUST0072,Tablet,3,39.02,2025-06-30,South,
ORD00159,CUST0097,Webcam,5,718.69,2025-02-08,West,Completed
ORD00469,CUST0265,Webcam,5,1206.2,25/04/2025,North,Cancelled
ORD01039,CUST0075,Monitor,2,1208.49,02-20-2025,SOUTH,Completed
ORD00873,CUST0162,Charger,2,656.77,2025-04-11,SOUTH,
ORD01661,CUST0121,Tablet,1,1493.8,01-12-2025, East ,completed
ORD01139,CUST0111,Keyboard,,249.96,05-09-2025,SOUTH,PENDING
ORD01386,CUST0073,Webcam,4,600.03,2025-04-28,SOUTH,Pending
ORD01939,CUST0064,Keyboard,3,1350.65,02-15-2025,East,Cancelled
ORD00586,CUST0296,Charger,1,1172.38,24/08/2025,East,completed
ORD00206,CUST0031,Keyboard,4,629.28,2025-04-29,East,PENDING
ORD00004,CUST0080,Monitor,3,162.29,2025-04-08,East,Cancelled
ORD00922,CUST0143,Charger,5,678.8,02/01/2025,South,Cancelled
ORD01361,CUST0092,Laptop,3,1284.5,07-17-2025,East,
ORD01160,,Monitor,,869.49,04/01/2025, East ,Cancelled
ORD01896,CUST0267,Monitor,3,1008.52,04/06/2025,SOUTH,Pending
ORD01250,CUST0093,Headphones,2,1049.68,05-31-2025,East,PENDING
ORD01446,CUST0051,Laptop,3,1187.12,2025-01-19,West,Completed
ORD00694,CUST0247,Mouse,5,807.6,02/04/2025,SOUTH,Cancelled
ORD01716,CUST0113,Headphones,1,14.72,21/06/2025,West,PENDING
ORD01696,CUST0261,Charger,,1309.09,2025-06-12,South,PENDING
ORD00715,CUST0167,Monitor,1,495.94,2025-01-26,SOUTH,completed
ORD01645,CUST0021,Monitor,5 ,63.65,02-28-2025,West,Completed
ORD01165,CUST0279,Mouse,,671.71,2025-05-29,SOUTH,Cancelled
ORD01419,CUST0163,Charger,2,1289.99,07/05/2025,East,completed
ORD00884,CUST0211,Mouse,1,102.67,2025-08-16,West,Pending
ORD01043,CUST0193,Mouse,4,1298.69,16/06/2025,East,
ORD01088,CUST0127,Webcam,1,280.81,2025-01-01,SOUTH,
ORD01538,CUST0034,Keyboard,1,844.34,05-24-2025,North,Cancelled
ORD01233,CUST0258,Webcam,4,537.75,30/04/2025,West,completed
ORD01090,CUST0283,Keyboard,3,547.25,27/07/2025,SOUTH,PENDING
ORD00158,CUST0047,Charger,4,874.69,07-22-2025,North,completed
ORD01084,CUST0243,Mouse,,1098.38,2025-06-06,South,PENDING
ORD00524,CUST0135,Monitor,3,148.58,06-22-2025, East ,Cancelled
ORD00463,,Charger,3,839.33,2025-02-03,north,Cancelled
ORD00653,CUST0074,Headphones,3 ,594.19,06-29-2025,East,Cancelled
ORD00161,CUST0145,Charger,4 ,1163.95,06-23-2025,North,
ORD00306,CUST0262,Charger,4,898.67,28/05/2025,West,Pending
ORD00657,CUST0221,Charger,5 ,1183.12,05-20-2025,South,Pending
ORD00548,CUST0234,Charger,5,963.28,17/05/2025,East,completed
ORD00714,CUST0060,Mouse,2,1084.89,06-01-2025,East,completed
ORD00396,CUST0170,Monitor,1,1121.17,24/08/2025,East,Completed
ORD00784,CUST0200,Tablet,1,857.59,05-06-2025,north,
ORD00400,CUST0207,Keyboard,5,1320.21,2025-01-08,South,Pending
ORD00799,CUST0147,Keyboard,3 ,1033.41,02/03/2025,South,Completed
ORD01863,CUST0012,Mouse,4,572.13,16/04/2025, East ,Cancelled
ORD00619,CUST0231,Laptop,2,685.98,08-18-2025,South,completed
ORD01583,CUST0187,Tablet,5,1295.03,22/07/2025,East,
ORD00509,CUST0219,Headphones,3,1283.92,04-19-2025,East,PENDING
ORD01615,CUST0292,Headphones,,1261.19,26/04/2025,SOUTH,completed
ORD00737,CUST0272,Tablet,4,463.08,03/02/2025,South,Cancelled
ORD01477,CUST0104,Headphones,2,642.18,2025-03-11,South,Cancelled
ORD01719,CUST0176,Webcam,1,753.56,07/06/2025, East ,completed
ORD01023,CUST0045,Headphones,,1494.49,12/08/2025,South,completed
ORD00868,CUST0260,Tablet,,1307.03,02-09-2025,East,Cancelled
ORD00460,CUST0199,Charger,,475.85,2025-05-22,North,
ORD01886,CUST0271,Tablet,2,520.49,02/03/2025, East ,
ORD00063,CUST0208,Keyboard,4,1380.12,06-09-2025,North,completed
ORD01882,CUST0200,Charger,5 ,141.69,2025-08-12,West,Pending
ORD00872,CUST0186,Laptop,4 ,226.92,01-03-2025, East ,PENDING
ORD01011,CUST0088,Keyboard,3 ,287.74,2025-02-04,West,Pending
ORD01626,CUST0244,Headphones,5,517.73,23/07/2025,SOUTH,Pending
ORD00458,CUST0278,Laptop,3,1222.9,01-27-2025, East ,
ORD00731,CUST0033,Webcam,3,684.09,05-09-2025, East ,Completed
ORD00479,CUST0108,Webcam,2,624.86,06-15-2025,South,Pending
ORD01089,CUST0144,Mouse,4,285.41,06/05/2025,East,Cancelled
ORD01928,CUST0293,Keyboard,3,856.12,04-27-2025,North,PENDING
ORD00871,CUST0272,Charger,2,215.61,20/04/2025,West,completed
ORD00791,CUST0106,Webcam,4,759.13,07-15-2025,East,Pending
ORD00618,CUST0232,Mouse,,755.98,02-16-2025,SOUTH,PENDING
ORD01910,CUST0252,Tablet,4,1385.4,02-11-2025,SOUTH,PENDING
ORD01995,CUST0069,Keyboard,5,437.2,2025-02-02, East ,PENDING
ORD01456,CUST0135,Tablet,3,562.48,20/03/2025,SOUTH,Cancelled
ORD01639,CUST0033,Mouse,2,235.84,2025-05-14,SOUTH,Pending
ORD01668,CUST0279,Laptop,5,164.68,02/01/2025,north,
ORD00348,CUST0004,Charger,1,357.17,03-30-2025, East ,
ORD01325,CUST0059,Webcam,,603.15,02/02/2025, East ,completed
ORD01230,CUST0051,Headphones,3,899.59,02-14-2025,West,
ORD01705,CUST0127,Monitor,5,1187.02,01/08/2025,South,
ORD00761,CUST0097,Mouse,4,696.13,2025-01-20, East ,Pending
ORD00955,CUST0071,Headphones,1,1157.41,14/03/2025, East ,completed
ORD00447,CUST0085,Tablet,2,1234.54,07-10-2025,West,Completed
ORD00651,CUST0160,Webcam,2 ,1072.22,06-21-2025,North,completed
ORD01268,CUST0010,Tablet,1,586.82,04-07-2025,South,completed
ORD01845,CUST0017,Laptop,1,1165.2,2025-06-26, East ,
ORD00380,CUST0018,Headphones,1,484.89,2025-01-27,East,Pending
ORD00565,CUST0079,Mouse,2,736.89,03-23-2025, East ,
ORD01369,CUST0087,Webcam,5 ,31.12,20/06/2025,West,
ORD01940,CUST0269,Charger,4,894.46,2025-02-20,East,PENDING
ORD01316,CUST0228,Charger,4,401.95,2025-08-10,East,
ORD00957,CUST0108,Tablet,2,778.58,07-21-2025, East ,completed
ORD01974,CUST0284,Keyboard,2,1346.09,03-25-2025,East,
ORD00283,CUST0048,Webcam,4,28.39,16/04/2025, East ,Completed
ORD00921,CUST0141,Mouse,,782.26,07/05/2025,north,Completed
ORD00232,CUST0020,Keyboard,4,1324.55,2025-02-15, East ,completed
ORD01243,CUST0095,Keyboard,,989.62,02-13-2025,SOUTH,
ORD00383,CUST0277,Headphones,,429.47,2025-03-02,North,completed
ORD01973,CUST0211,Keyboard,1,1101.88,24/07/2025,SOUTH,PENDING
ORD01245,CUST0055,Tablet,4,1222.11,2025-02-07,East,completed
ORD00073,CUST0139,Tablet,4,659.01,07-07-2025,East,Cancelled
ORD00071,CUST0022,Webcam,5,648.28,2025-04-05,north,
ORD01545,CUST0091,Charger,3,754.53,17/02/2025,West,Pending
ORD01115,CUST0185,Mouse,1,910.71,15/02/2025,north,Cancelled
ORD00172,CUST0064,Headphones,1 ,1147.04,11/03/2025,north,Pending
ORD01838,CUST0089,Tablet,3,480.44,2025-06-05,SOUTH,Completed
ORD00169,CUST0230,Monitor,5,366.36,27/07/2025, East ,Pending
ORD00494,CUST0040,Headphones,4,1459.28,02-27-2025,West,Cancelled
ORD01282,CUST0148,Tablet,4,863.18,05-26-2025,East,Pending
ORD01057,CUST0223,Charger,1,1446.39,2025-03-05,East,Completed
ORD01904,CUST0033,Laptop,1,1252.23,15/07/2025,north,Pending
ORD00894,CUST0143,Mouse,2,1063.74,05-27-2025, East ,
ORD00273,CUST0043,Tablet,4,970.91,03-26-2025, East ,Completed
ORD01328,CUST0174,Laptop,3,676.98,02-26-2025,South,PENDING
ORD00421,CUST0067,Mouse,4,759.97,2025-03-20,North,Completed
ORD00095,CUST0233,Mouse,3 ,386.07,30/01/2025, East ,PENDING
ORD01402,CUST0203,Monitor,2,135.23,2025-01-25,SOUTH,Pending
ORD01625,CUST0229,Webcam,4,376.7,03-25-2025,South,Cancelled
ORD01636,CUST0166,Laptop,1,88.11,03-25-2025,West,Cancelled
ORD00043,CUST0137,Keyboard,,171.06,2025-08-12, East ,completed
ORD00057,CUST0227,Charger,5,674.41,02-10-2025, East ,completed
ORD01888,CUST0190,Tablet,,1044.01,2025-06-05,north,Cancelled
ORD01691,CUST0156,Keyboard,3,1381.89,09/08/2025, East ,Pending
ORD01359,CUST0163,Mouse,5,1264.86,02-12-2025, East ,Cancelled
ORD01321,CUST0035,Tablet,5,920.71,2025-07-01,North,completed
ORD00039,CUST0005,Mouse,1,1418.13,2025-06-26,north,Completed
ORD00307,CUST0089,Keyboard,4,440.36,17/02/2025, East ,completed
ORD00007,CUST0187,Keyboard,3,539.35,21/06/2025,SOUTH,
ORD00783,CUST0019,Laptop,2 ,839.43,09/08/2025,SOUTH,Pending
ORD00409,CUST0153,Monitor,2,780.77,2025-03-03, East ,PENDING
ORD01173,CUST0015,Mouse,5,579.78,07-10-2025,South,completed
ORD00782,CUST0010,Laptop,4,1321.39,31/01/2025,West,Cancelled
ORD00535,CUST0077,Tablet,1,273.14,2025-05-08, East ,
ORD00584,CUST0120,Headphones,3,146.94,04-13-2025,South,
ORD01289,CUST0095,Tablet,5,482.83,05-22-2025,South,Completed
ORD01962,CUST0252,Keyboard,4,1445.01,2025-06-26,West,completed
ORD01464,CUST0294,Monitor,5,141.13,04/03/2025,north,PENDING
ORD01267,CUST0117,Laptop,1,49.27,2025-07-20,north,PENDING
ORD01539,CUST0033,Webcam,1,1432.55,03-12-2025,East,
ORD01105,CUST0223,Webcam,2,1354.23,24/01/2025,South,completed
ORD00814,CUST0070,Laptop,4,308.11,20/03/2025,north,Completed
ORD00317,CUST0165,Monitor,,595.12,02-06-2025,SOUTH,Cancelled
ORD01320,CUST0096,Tablet,3 ,206.37,2025-06-12,north,
ORD01773,CUST0191,Webcam,1,165.85,07-17-2025,South,Pending
ORD00517,CUST0019,Webcam,2,985.98,2025-02-10,East,completed
ORD01732,,Keyboard,,912.96,2025-01-11,West,Pending
ORD00534,CUST0295,Monitor,1,1084.02,2025-07-25,north,completed
ORD01076,CUST0129,Monitor,4,599.08,18/03/2025,West,Pending
ORD00272,CUST0042,Laptop,1,613.86,04-07-2025,West,Completed
ORD00549,CUST0227,Headphones,3,624.18,09/02/2025,North,Completed
ORD00965,CUST0233,Laptop,3,782.61,13/02/2025, East ,completed
ORD01747,CUST0078,Charger,5 ,856.6,2025-08-23,North,Completed
ORD01678,CUST0049,Tablet,4,1126.09,03-03-2025,West,Completed
ORD00599,,Mouse,4,993.96,06-19-2025,East,Completed
ORD01651,CUST0130,Monitor,5,45.48,2025-01-04, East ,Pending
ORD00571,CUST0165,Mouse,1 ,789.57,2025-01-18, East ,Pending
ORD00075,CUST0167,Keyboard,4,326.06,24/07/2025,East,Cancelled
ORD00062,CUST0215,Monitor,4,336.94,22/04/2025,North,completed
ORD01069,CUST0177,Monitor,,995.15,08-24-2025,SOUTH,PENDING
ORD00810,CUST0121,Headphones,2,1290.53,11/02/2025,SOUTH,Cancelled
ORD00245,CUST0012,Charger,3,1226.52,2025-07-10,north,Completed
ORD01050,CUST0018,Mouse,1,764.16,04-04-2025,South,completed
ORD01134,CUST0283,Monitor,,1394.51,03/03/2025,North,PENDING
ORD01740,CUST0263,Tablet,1,1401.63,11/08/2025,North,Cancelled
ORD00106,CUST0080,Mouse,4 ,1174.47,09/03/2025,north,
ORD00674,CUST0156,Headphones,1,947.66,2025-05-29,north,Completed
ORD00643,CUST0269,Headphones,3 ,223.51,2025-08-12, East ,PENDING
ORD01303,CUST0093,Tablet,1,258.49,18/04/2025, East ,PENDING
ORD00666,,Charger,2,439.82,08-12-2025,South,Pending
ORD00510,CUST0105,Charger,5,1177.84,2025-05-04,East,PENDING
ORD00132,CUST0258,Monitor,5,74.61,07-20-2025,north,Cancelled
ORD00445,CUST0170,Tablet,,989.18,03/07/2025,North,Completed
ORD00867,CUST0054,Keyboard,,185.91,22/02/2025,South,
ORD00765,CUST0056,Laptop,,775.08,16/01/2025,North,Cancelled
ORD01918,CUST0241,Mouse,2,1358.51,09/07/2025,SOUTH,PENDING
ORD01825,CUST0071,Monitor,4 ,1301.16,22/02/2025,West,PENDING
ORD00058,CUST0142,Tablet,,366.48,2025-04-23,SOUTH,Cancelled
ORD01701,CUST0129,Headphones,3,1313.38,06-02-2025,South,Cancelled
ORD01617,CUST0239,Tablet,3 ,1385.93,05/08/2025,West,completed
ORD01281,CUST0223,Charger,,1393.56,2025-07-12, East ,Completed
ORD00087,CUST0002,Charger,4,1037.16,01/05/2025,North,Pending
ORD01903,CUST0085,Tablet,2,11.46,06-20-2025,West,PENDING
ORD00772,CUST0021,Mouse,3,745.63,09/04/2025,West,PENDING
ORD01262,CUST0266,Headphones,4,931.78,05-20-2025,North,PENDING
ORD00709,CUST0020,Keyboard,,754.83,01-23-2025, East ,Cancelled
ORD01743,CUST0027,Mouse,4,1140.15,04-21-2025,North,
ORD01372,CUST0239,Mouse,5,1396.11,2025-01-23,North,Pending
ORD01603,CUST0261,Mouse,1 ,1218.03,2025-07-26,South,Completed
ORD00539,CUST0276,Keyboard,3 ,539.11,06-22-2025,West,
ORD01472,CUST0295,Webcam,4,796.29,06-27-2025, East ,completed
ORD01210,CUST0196,Charger,2,448.07,2025-04-14,north,Cancelled
ORD01594,CUST0094,Tablet,1,1455.74,06-21-2025,East,Cancelled
ORD01339,CUST0232,Monitor,5 ,1463.03,2025-04-12,West,Cancelled
ORD00419,CUST0220,Tablet,4,16.96,2025-05-17,SOUTH,Cancelled
ORD01898,CUST0290,Charger,3,54.61,2025-07-25,West,PENDING
ORD01074,CUST0153,Webcam,1 ,17.68,08-16-2025,South,completed
ORD01748,CUST0248,Mouse,2,707.78,02-12-2025,West,Completed
ORD01313,CUST0119,Headphones,2,153.0,05-22-2025, East ,Pending
ORD00852,CUST0014,Monitor,4,976.45,2025-06-16,West,
ORD01794,CUST0163,Monitor,3,810.25,19/04/2025,North,Completed
ORD01771,CUST0085,Headphones,4,148.89,13/08/2025,South,Completed
ORD01734,CUST0296,Charger,3 ,789.97,2025-04-15,north,completed
ORD01809,,Mouse,,598.13,25/02/2025,North,PENDING
ORD01331,CUST0203,Monitor,3,1203.92,22/08/2025,East,completed
ORD01774,CUST0259,Headphones,5,592.13,05-16-2025,north,PENDING
ORD01842,CUST0174,Mouse,3,399.1,2025-05-21, East ,Pending
ORD00305,CUST0153,Mouse,,209.58,2025-01-31,East,Completed
ORD01927,CUST0054,Headphones,4,858.45,2025-07-07,north,
ORD01099,CUST0061,Keyboard,2,77.96,02/03/2025,North,
ORD00336,CUST0276,Keyboard,3,134.56,01-21-2025,South,Pending
ORD00996,CUST0091,Monitor,3,435.18,04-25-2025,South,Cancelled
ORD00570,CUST0033,Charger,2,790.86,05-08-2025,South,PENDING
ORD00089,CUST0059,Monitor,,231.99,2025-03-10,North,Completed
ORD00875,CUST0177,Laptop,3,1351.31,2025-06-06,SOUTH,completed
ORD01181,CUST0263,Keyboard,2 ,1301.64,2025-01-30,North,Cancelled
ORD01756,CUST0190,Mouse,3,361.17,14/08/2025,West,PENDING
ORD00713,CUST0233,Laptop,1,1113.22,08-25-2025,South,Pending
ORD01804,CUST0261,Monitor,4,17.88,14/05/2025,north,
ORD01900,CUST0038,Monitor,1,847.07,27/07/2025,North,
ORD01415,CUST0221,Charger,1,1129.57,03-14-2025,SOUTH,completed
ORD00222,CUST0266,Monitor,5,494.32,19/06/2025,north,completed
ORD00320,CUST0204,Monitor,4,1239.02,07/05/2025,East,Cancelled
ORD01800,CUST0052,Charger,1,474.72,13/08/2025,North,
ORD00879,CUST0133,Monitor,3,1092.5,2025-05-10,SOUTH,Completed
ORD01848,CUST0134,Keyboard,1,823.21,02-07-2025,SOUTH,PENDING
ORD00826,CUST0287,Laptop,5 ,277.26,02-13-2025,West,Cancelled
ORD00869,CUST0104,Tablet,4,1156.14,2025-01-02, East ,completed
ORD01556,CUST0043,Tablet,1,741.95,03-24-2025,West,PENDING
ORD00139,CUST0169,Mouse,4,536.86,20/06/2025, East ,
ORD00164,CUST0159,Charger,,1189.58,2025-07-28,SOUTH,
ORD01828,CUST0061,Mouse,3,1188.74,05-18-2025,SOUTH,Pending
ORD01485,CUST0266,Keyboard,2,1045.65,2025-07-15,North,PENDING
ORD00961,CUST0012,Laptop,2,239.0,03-26-2025,SOUTH,PENDING
ORD01700,CUST0294,Keyboard,4,512.24,27/06/2025,East,PENDING
ORD01272,CUST0126,Headphones,2,913.12,05-03-2025,North,
ORD01209,CUST0078,Charger,5 ,651.96,2025-03-27,West,Cancelled
ORD01982,CUST0239,Tablet,3,1028.56,06-27-2025,SOUTH,
ORD01332,CUST0007,Laptop,1 ,1135.13,2025-05-15,north,completed
ORD01851,CUST0126,Charger,3 ,958.64,23/01/2025,SOUTH,PENDING
ORD00634,CUST0213,Charger,1,507.35,05-24-2025,South,Completed
ORD01400,CUST0190,Headphones,4,512.82,2025-03-17,north,Cancelled
ORD00656,CUST0206,Charger,2,935.1,2025-05-21,West,completed
ORD00017,CUST0186,Headphones,2,96.31,08-13-2025,North,Completed
ORD01672,CUST0208,Headphones,2 ,817.53,2025-01-25,North,Completed
ORD01195,CUST0213,Headphones,3,482.61,30/03/2025,North,PENDING
ORD00138,CUST0048,Charger,1,1119.44,2025-04-06,north,Completed
ORD01858,CUST0034,Keyboard,,606.12,23/06/2025,SOUTH,Pending
ORD00698,CUST0123,Tablet,4,103.86,05-19-2025,East,completed
ORD01098,CUST0005,Tablet,5,1064.55,15/05/2025,East,Pending
ORD01657,CUST0090,Laptop,1,138.28,02/03/2025, East ,PENDING
ORD00449,CUST0064,Tablet,4 ,991.1,2025-05-10,West,Completed
ORD01946,CUST0148,Headphones,2,21.33,03-20-2025,north,Completed
ORD00328,CUST0005,Keyboard,4,533.27,02-24-2025,SOUTH,Pending
ORD00318,CUST0039,Mouse,4,778.26,03-13-2025,East,completed
ORD01567,CUST0132,Charger,3,809.03,03-14-2025,East,Completed
ORD00527,CUST0183,Keyboard,1,188.62,01-21-2025,SOUTH,completed
ORD00088,CUST0233,Mouse,,357.8,03-09-2025,north,
ORD01306,CUST0173,Mouse,,77.4,09/07/2025,West,completed
ORD00149,CUST0273,Monitor,5 ,842.5,21/06/2025,North,completed
ORD01664,CUST0178,Headphones,2,1223.2,12/07/2025,SOUTH,PENDING
ORD01491,CUST0069,Laptop,3,719.6,19/08/2025,South,Cancelled
ORD01497,CUST0204,Webcam,1,862.41,04/05/2025,South,
ORD00366,CUST0120,Keyboard,1,379.31,03/03/2025,north,
ORD00590,CUST0026,Charger,3 ,136.77,09/05/2025, East ,
ORD01548,CUST0291,Webcam,1,1434.01,02-18-2025,north,completed
ORD00199,CUST0210,Mouse,2,1458.85,2025-06-14,West,completed
ORD01947,CUST0296,Mouse,1,1371.68,03/06/2025,South,Completed
ORD00193,CUST0014,Keyboard,4,781.44,08-22-2025,North,Cancelled
ORD00405,CUST0005,Tablet,2,974.58,2025-06-03,South,Cancelled
ORD01850,,Laptop,5,657.69,2025-01-07,north,Completed
ORD01729,CUST0189,Keyboard,2,805.15,2025-02-17, East ,Completed
ORD00484,CUST0162,Charger,2,17.2,2025-03-05,SOUTH,
ORD01496,CUST0198,Laptop,2,1469.5,2025-01-04,SOUTH,Completed
ORD00792,CUST0224,Monitor,4,956.81,2025-07-21, East ,PENDING
ORD00800,CUST0159,Tablet,4,844.14,22/04/2025,SOUTH,Completed
ORD00385,CUST0050,Laptop,2,264.54,2025-03-16,West,Completed
ORD00751,CUST0213,Keyboard,5,698.56,2025-05-26,South,Pending
ORD00423,CUST0207,Laptop,2,344.24,2025-02-03,SOUTH,Completed
ORD00315,CUST0276,Keyboard,3,1468.71,16/03/2025,north,Cancelled
ORD01022,CUST0151,Monitor,,223.31,05-14-2025, East ,
ORD00544,CUST0086,Charger,1,152.38,28/08/2025,north,Completed
ORD00914,CUST0005,Mouse,4,562.02,19/02/2025,North,Pending
ORD00663,CUST0207,Keyboard,3,102.99,08-19-2025,North,Completed
ORD00903,CUST0034,Tablet,1,617.17,2025-03-01,East,PENDING
ORD01433,CUST0126,Headphones,3,449.99,24/04/2025, East ,completed
ORD00686,CUST0062,Mouse,5,203.56,06-18-2025,north,Pending
ORD01720,CUST0040,Charger,2,1184.22,2025-02-23,East,Cancelled
ORD00160,CUST0044,Keyboard,1,379.14,23/04/2025,north,PENDING
ORD01000,CUST0241,Monitor,2,1375.04,2025-01-02, East ,PENDING
ORD01333,CUST0145,Headphones,1 ,352.71,07-17-2025,South,Completed
ORD01824,CUST0242,Monitor,5 ,506.81,28/02/2025,north,Completed
ORD00203,CUST0298,Keyboard,2,991.51,07-04-2025,East,PENDING
ORD01024,CUST0277,Monitor,2,325.34,07-12-2025,SOUTH,Completed
ORD01572,CUST0201,Charger,2,1420.76,2025-05-10,South,Pending
ORD01621,CUST0256,Charger,4 ,1421.52,10/02/2025,SOUTH,Completed
ORD00113,CUST0234,Headphones,2,1499.07,07/08/2025,North,Pending
ORD01854,CUST0241,Laptop,4,319.8,04-16-2025, East ,PENDING
ORD01264,CUST0169,Laptop,2,745.4,07-26-2025,north,
ORD00981,CUST0128,Webcam,2,307.98,05/01/2025,North,Completed
ORD00923,CUST0013,Monitor,,641.49,2025-01-20,South,Pending
ORD01767,CUST0164,Monitor,,727.58,2025-04-15,SOUTH,
ORD01775,CUST0021,Tablet,,890.55,03-16-2025, East ,completed
ORD01881,CUST0060,Keyboard,4,1172.66,2025-01-05,South,Completed
ORD01414,CUST0150,Webcam,4,1015.01,2025-01-08,north,PENDING
ORD00816,CUST0168,Headphones,2,135.75,2025-04-05,West,completed
ORD00448,CUST0062,Charger,2,691.0,2025-07-20,SOUTH,Cancelled
ORD01802,CUST0208,Mouse,3,246.62,08-29-2025, East ,Pending
ORD00680,CUST0244,Monitor,4,1028.43,10/04/2025,East,Pending
ORD01094,CUST0287,Webcam,3,678.24,2025-07-03,West,Completed
ORD00081,CUST0100,Headphones,2 ,547.71,2025-03-19,SOUTH,PENDING
ORD01806,CUST0070,Charger,5,623.2,29/05/2025,East,Pending
ORD01376,CUST0182,Webcam,3,1160.83,14/05/2025, East ,
ORD01726,CUST0143,Keyboard,2,620.1,02-12-2025,North,Pending
ORD00753,CUST0002,Keyboard,3,457.25,06-13-2025,West,Completed
ORD01351,CUST0097,Monitor,,149.83,28/04/2025,North,Completed
ORD01055,CUST0131,Charger,,223.43,2025-02-22,SOUTH,
ORD00243,CUST0267,Tablet,1,1023.64,07-03-2025,West,Completed
ORD01455,CUST0081,Webcam,5,1471.92,06-17-2025, East ,completed
ORD00642,CUST0020,Monitor,1,671.22,07/01/2025,north,Pending
ORD00697,CUST0184,Tablet,1 ,1328.97,04-23-2025,South,Pending
ORD00210,CUST0255,Laptop,1 ,1418.4,10/05/2025,South,Pending
ORD00503,CUST0215,Keyboard,5,153.48,05-02-2025,north,Completed
ORD00771,CUST0058,Webcam,1,704.19,2025-05-14,West,Cancelled
ORD01799,CUST0282,Mouse,,827.92,05-28-2025,north,Cancelled
ORD00436,CUST0195,Webcam,5 ,52.94,06-25-2025,South,completed
ORD01064,CUST0215,Tablet,2,664.05,01/04/2025,north,Cancelled
ORD00975,,Charger,3 ,1121.48,2025-08-08,West,Completed
ORD00552,CUST0200,Charger,2,401.84,04-19-2025,South,PENDING
ORD01430,CUST0021,Webcam,4 ,1077.77,05-11-2025,SOUTH,completed
ORD01439,CUST0195,Laptop,,1420.95,2025-03-29,East,Pending
ORD01014,CUST0142,Mouse,3 ,54.2,02/03/2025,West,
ORD01937,CUST0163,Laptop,4,968.89,06-24-2025, East ,Pending
ORD00467,CUST0151,Monitor,5,800.44,05-24-2025,North,Completed
ORD01511,CUST0168,Laptop,,184.77,03-21-2025,North,
ORD01581,CUST0208,Charger,4,696.27,26/04/2025,West,completed
ORD00278,CUST0039,Webcam,5,1155.82,02/06/2025, East ,Cancelled
ORD01070,CUST0087,Monitor,2,121.93,2025-08-03,north,Cancelled
ORD01018,CUST0002,Tablet,,608.69,2025-08-02,North,PENDING
ORD01354,CUST0079,Mouse,,332.5,15/02/2025,north,Completed
ORD00723,CUST0051,Tablet,4,368.36,2025-05-23,SOUTH,
ORD01211,CUST0222,Mouse,,84.31,2025-03-05,South,Completed
ORD00787,CUST0014,Webcam,4,155.05,30/03/2025,West,Cancelled
ORD01585,CUST0081,Charger,5,653.36,2025-04-24,SOUTH,Pending
ORD01341,CUST0128,Mouse,2,610.76,03/08/2025,north,
ORD01486,CUST0151,Webcam,5,628.17,10/02/2025,South,Pending
ORD01335,CUST0213,Laptop,1,1116.55,05-19-2025,South,Completed
ORD00907,CUST0247,Headphones,5,383.82,24/06/2025,East,
ORD00564,CUST0128,Keyboard,4,146.19,08/06/2025, East ,
ORD00389,CUST0199,Charger,5 ,1033.73,28/08/2025,north,Pending
ORD00023,CUST0098,Mouse,1 ,991.88,01/04/2025,West,completed
ORD01252,CUST0119,Monitor,1 ,1350.69,02-14-2025,West,completed
ORD00125,CUST0213,Mouse,4,927.32,29/08/2025,North,
ORD01276,CUST0267,Monitor,3 ,1115.44,2025-02-23,East,
ORD00774,CUST0189,Keyboard,1,1498.1,05-06-2025,North,completed
ORD00881,CUST0174,Monitor,,1483.61,05-25-2025,SOUTH,
ORD01145,CUST0187,Headphones,4,619.46,06-08-2025,South,completed
ORD01167,CUST0203,Laptop,3,1175.47,10/05/2025,East,
ORD00051,CUST0297,Webcam,4,668.26,2025-06-22,north,completed
ORD01715,CUST0249,Mouse,1,376.83,2025-04-15,South,completed
ORD01710,CUST0028,Laptop,1,423.26,05-21-2025,East,Pending
ORD01106,CUST0097,Tablet,,278.81,2025-03-14,East,Pending
ORD00704,CUST0206,Webcam,1,1464.02,05-28-2025,South,Cancelled
ORD00483,CUST0163,Tablet,4,499.24,18/06/2025,SOUTH,PENDING
ORD01146,CUST0161,Webcam,1,1026.48,10/05/2025,East,
ORD01963,CUST0150,Charger,2,1122.88,03/02/2025, East ,PENDING
ORD00067,CUST0011,Keyboard,2,198.07,2025-06-21,north,Pending
ORD01764,CUST0243,Tablet,3,1428.04,20/03/2025,SOUTH,
ORD00734,CUST0255,Keyboard,2,785.82,2025-06-10,East,completed
ORD01831,CUST0183,Tablet,5,1046.95,01-07-2025,North,
ORD00802,CUST0011,Laptop,1,477.72,2025-03-18,West,Cancelled
ORD01754,CUST0205,Charger,5,503.51,2025-01-21,South,PENDING
ORD01505,CUST0085,Monitor,,236.56,06/06/2025, East ,Pending
ORD00908,CUST0145,Laptop,2 ,1111.38,2025-05-25,East,Completed
ORD00032,CUST0161,Monitor,3,599.72,06-21-2025,East,completed
ORD00418,CUST0087,Keyboard,4,1179.96,2025-07-19,South,PENDING
ORD00882,CUST0180,Headphones,3,1003.71,07-28-2025,north,
ORD00633,CUST0120,Headphones,2,12.36,07/01/2025,SOUTH,Completed
ORD01601,CUST0172,Webcam,5,1281.9,20/07/2025,West,
ORD01474,CUST0115,Webcam,5,692.05,2025-06-20, East ,PENDING
ORD00065,CUST0173,Charger,3,1130.49,01/08/2025,East,Completed
ORD01762,CUST0270,Mouse,5,433.82,17/01/2025,north,Cancelled
ORD01648,CUST0202,Mouse,,435.22,08/01/2025,north,
ORD00078,CUST0298,Webcam,4,834.67,30/03/2025,SOUTH,PENDING
ORD00492,CUST0266,Webcam,4,709.81,2025-04-27,North,
ORD01445,CUST0033,Keyboard,5,461.11,2025-02-23,South,PENDING
ORD01577,CUST0244,Charger,3,1031.56,10/04/2025,SOUTH,Pending
ORD00533,CUST0108,Charger,,1130.77,04/04/2025,East,completed
ORD00066,CUST0027,Webcam,2,978.71,07-19-2025,North,Completed
ORD01733,CUST0251,Charger,5,816.79,04-14-2025,West,
ORD00655,CUST0053,Charger,,1197.17,03-25-2025,SOUTH,Completed
ORD00297,CUST0013,Tablet,1,450.19,2025-08-24,North,
ORD00592,CUST0125,Mouse,3,1167.39,03-24-2025,north,Completed
ORD00768,CUST0035,Mouse,5,1147.23,2025-05-16,SOUTH,Pending
ORD01286,CUST0005,Tablet,1 ,1449.17,05-03-2025, East ,PENDING
ORD00725,CUST0293,Laptop,4,701.0,02-05-2025,West,Pending
ORD01460,CUST0258,Tablet,3,169.18,2025-03-04,East,
ORD00627,CUST0153,Webcam,1,83.06,2025-04-17,South,
ORD01443,CUST0291,Monitor,2,391.55,2025-07-09,SOUTH,
ORD01999,CUST0067,Monitor,1,396.44,01-20-2025, East ,Pending
ORD01213,CUST0052,Monitor,,1237.86,27/06/2025,West,Pending
ORD01843,CUST0106,Keyboard,2,1051.18,01-23-2025,South,PENDING
ORD00252,CUST0126,Laptop,4,664.05,2025-05-19, East ,Completed
ORD01870,CUST0166,Monitor,1,1324.75,2025-08-07,SOUTH,Completed
ORD01346,CUST0225,Mouse,1,1329.4,2025-05-07,SOUTH,PENDING
ORD01955,CUST0299,Charger,4,812.98,13/03/2025, East ,Pending
ORD00983,CUST0056,Webcam,3,847.46,02-18-2025,South,PENDING
ORD01819,CUST0291,Mouse,2,1349.18,2025-03-06, East ,
ORD00707,CUST0009,Tablet,1,19.46,2025-02-15,SOUTH,
ORD00488,CUST0109,Laptop,5,398.32,08-17-2025,West,
ORD00274,CUST0118,Monitor,,1332.46,02/05/2025,North,Completed
ORD01559,CUST0027,Charger,,767.48,2025-08-06,north,Cancelled
ORD01711,CUST0217,Monitor,1,1338.05,2025-05-26,North,Completed
ORD00964,CUST0014,Keyboard,2,113.54,09/04/2025,South,Pending
ORD00878,CUST0283,Headphones,5,517.66,2025-06-12,North,Completed
ORD01437,CUST0187,Charger,4,931.51,13/02/2025,SOUTH,Pending
ORD01861,CUST0150,Charger,2 ,538.47,12/07/2025, East ,Cancelled
ORD00412,CUST0184,Headphones,2 ,1262.55,08-13-2025,South,Cancelled
ORD00668,CUST0218,Keyboard,4,769.03,22/05/2025,West,Cancelled
ORD01263,CUST0135,Laptop,1,513.69,2025-03-08,East,Completed
ORD00150,CUST0010,Tablet,1,1294.54,28/05/2025,north,completed
ORD00645,CUST0045,Webcam,4 ,1334.89,01-27-2025, East ,
ORD01646,CUST0189,Keyboard,4,327.04,2025-05-18,SOUTH,
ORD00219,CUST0297,Monitor,,86.52,2025-05-03,north,
ORD00240,CUST0079,Tablet,,1483.37,06/04/2025,SOUTH,PENDING
ORD01132,CUST0191,Charger,2,412.18,2025-01-27,East,PENDING
ORD01217,CUST0181,Tablet,5 ,11.5,2025-08-12,West,Completed
ORD00793,CUST0153,Charger,2,940.61,01-24-2025, East ,PENDING
ORD00192,CUST0228,Mouse,5,215.17,04/04/2025,East,
ORD00334,CUST0242,Mouse,1,885.17,04/01/2025,South,Completed
ORD01353,CUST0219,Headphones,3,940.51,14/04/2025,north,PENDING
ORD01356,CUST0243,Monitor,2,13.98,2025-03-01,North,PENDING
ORD00963,CUST0232,Headphones,1,265.42,06-22-2025,South,Completed
ORD01352,CUST0035,Webcam,,843.14,27/02/2025,SOUTH,Completed
ORD01283,CUST0122,Keyboard,1,428.24,24/06/2025,North,Pending
ORD01693,CUST0066,Keyboard,1,721.76,01-19-2025,South,Pending
ORD01865,CUST0142,Webcam,,1458.99,04-30-2025, East ,
ORD00583,CUST0262,Keyboard,1,66.23,2025-04-02,South,Cancelled
ORD01961,CUST0218,Keyboard,,159.55,19/03/2025, East ,PENDING
ORD01532,CUST0007,Headphones,2,1447.24,08-08-2025,West,completed
ORD00840,CUST0159,Keyboard,3,1001.63,02/08/2025,north,Pending
ORD00628,CUST0294,Keyboard,4,1126.51,2025-04-03,North,Cancelled
ORD00324,CUST0027,Charger,,465.21,2025-06-29,West,
ORD01684,CUST0228,Mouse,1,255.01,02-03-2025,north,PENDING
ORD01161,CUST0258,Mouse,,753.7,27/04/2025,West,Cancelled
ORD00779,CUST0069,Laptop,1,1109.32,2025-08-01,West,
ORD01077,CUST0225,Tablet,2,218.41,11/07/2025,North,Cancelled
ORD00940,CUST0102,Headphones,2,336.23,03-09-2025,South,Cancelled
ORD00438,CUST0296,Monitor,,1310.98,05-13-2025,SOUTH,
ORD00120,CUST0286,Webcam,1,1188.12,04/01/2025,north,Completed
ORD01392,CUST0204,Mouse,,352.81,2025-05-08,North,Pending
ORD01602,CUST0134,Monitor,4,429.65,22/01/2025,SOUTH,Completed
ORD01027,CUST0295,Mouse,,521.41,08-22-2025,SOUTH,
ORD01254,CUST0090,Webcam,1,1051.1,2025-04-07,SOUTH,PENDING
ORD01412,CUST0237,Tablet,2,803.04,02-13-2025,West,Cancelled
ORD00077,CUST0244,Tablet,4,1191.47,24/01/2025,South,completed
ORD01054,CUST0066,Charger,1 ,829.27,08/03/2025,SOUTH,Pending
ORD00901,CUST0166,Headphones,4,1412.95,2025-08-19,North,Pending
ORD00372,CUST0038,Webcam,,1413.47,04-12-2025,North,Cancelled
ORD01914,CUST0195,Mouse,2,1128.0,03-02-2025,SOUTH,Cancelled
ORD01476,CUST0021,Keyboard,5,529.29,18/01/2025, East ,Cancelled
ORD00276,CUST0204,Mouse,3,252.05,03-03-2025, East ,completed
ORD00942,CUST0057,Webcam,2,464.56,03/03/2025, East ,Cancelled
ORD00578,CUST0054,Keyboard,2,829.45,10/05/2025,SOUTH,Pending
ORD00820,CUST0115,Monitor,2 ,1419.62,28/07/2025,East,
ORD01503,CUST0262,Monitor,2,1261.62,2025-02-26,South,
ORD01525,CUST0117,Webcam,3,160.93,2025-07-04,SOUTH,completed
ORD01777,CUST0115,Tablet,3,457.42,2025-06-16, East ,Pending
ORD01413,CUST0293,Mouse,,734.94,2025-03-30,South,
ORD00887,CUST0067,Mouse,,326.84,2025-05-02,SOUTH,Pending
ORD00969,CUST0252,Tablet,4,868.44,2025-07-08,East,
ORD01637,CUST0193,Laptop,,657.05,24/03/2025,South,Cancelled
ORD00786,CUST0146,Webcam,1,51.94,2025-01-12, East ,Cancelled
ORD01624,CUST0145,Webcam,,566.3,2025-06-26,East,PENDING
ORD01954,CUST0179,Charger,2,1336.38,28/08/2025,north,completed
ORD01650,CUST0153,Monitor,5,1228.61,03/04/2025,North,
ORD00302,CUST0110,Monitor,3,1130.96,2025-07-27,north,Completed
ORD00690,CUST0074,Charger,2 ,924.81,28/01/2025,SOUTH,Cancelled
ORD00813,CUST0168,Tablet,,50.75,01-14-2025,SOUTH,Pending
ORD01062,CUST0283,Charger,4,892.54,2025-03-08,SOUTH,PENDING
ORD01378,CUST0148,Monitor,3 ,1052.48,05-09-2025, East ,
ORD00237,CUST0128,Laptop,3,581.53,25/04/2025,East,Cancelled
ORD01116,CUST0077,Headphones,5,1228.17,2025-03-31,East,completed
ORD01776,CUST0209,Mouse,4,1246.03,17/04/2025,north,PENDING
ORD00500,CUST0146,Mouse,2,679.31,01/05/2025,South,Pending
ORD01698,CUST0021,Webcam,3,595.97,04-29-2025, East ,Cancelled
ORD01080,CUST0066,Webcam,4,757.77,08-25-2025, East ,completed
ORD01327,CUST0163,Charger,4,1215.46,19/04/2025,East,Completed
ORD00795,CUST0277,Webcam,2,627.33,03-06-2025,north,completed
ORD01976,CUST0253,Monitor,2,1214.28,2025-03-16,North,PENDING
ORD01568,CUST0104,Mouse,5 ,1271.22,2025-02-21,north,Completed
ORD01984,CUST0155,Monitor,4,971.66,07-28-2025, East ,PENDING
ORD00991,CUST0228,Webcam,2,424.41,2025-06-14,north,completed
ORD01404,CUST0168,Webcam,1,228.66,07-05-2025, East ,Completed
ORD00935,CUST0103,Monitor,1,518.91,20/06/2025,SOUTH,
ORD00388,CUST0050,Mouse,,522.25,19/05/2025, East ,PENDING
ORD01709,CUST0219,Tablet,5 ,171.04,22/04/2025,East,Completed
ORD00391,CUST0217,Mouse,,658.74,07-30-2025,South,PENDING
ORD00744,CUST0206,Monitor,4,542.52,2025-03-25,north,
ORD00353,CUST0120,Mouse,2,212.81,07-17-2025,North,Pending
ORD01218,CUST0149,Monitor,5,759.69,2025-07-13, East ,Completed
ORD00236,CUST0208,Charger,5,498.61,04-13-2025,North,Pending
ORD01750,CUST0170,Webcam,5,241.84,06-24-2025,north,PENDING
ORD00481,CUST0282,Tablet,,829.0,03-16-2025,North,Cancelled
ORD00568,CUST0141,Keyboard,1,801.39,26/04/2025, East ,Cancelled
ORD01141,CUST0199,Monitor,2,1495.54,2025-06-05,South,PENDING
ORD01724,CUST0300,Monitor,1,1468.95,2025-04-04, East ,Pending
ORD01915,CUST0294,Webcam,4,190.68,25/02/2025,North,
ORD01605,CUST0037,Keyboard,5 ,942.93,12/08/2025,SOUTH,Cancelled
ORD00121,CUST0135,Charger,,1411.03,01-28-2025,South,completed
ORD01389,CUST0242,Charger,4,1062.27,2025-07-15,West,Pending
ORD01772,CUST0254,Headphones,2,1083.97,2025-04-17, East ,Completed
ORD01025,CUST0015,Keyboard,3,1354.95,16/07/2025,South,
ORD01087,CUST0262,Charger,,86.97,29/01/2025,East,Cancelled
ORD01273,CUST0279,Monitor,4,1060.83,28/07/2025, East ,Pending
ORD00927,CUST0034,Keyboard,1 ,1379.48,2025-04-24,East,PENDING
ORD00516,CUST0266,Headphones,2,60.08,06-03-2025,north,
ORD00224,CUST0248,Monitor,2,425.72,2025-03-18,East,Cancelled
ORD01512,CUST0225,Headphones,1,816.48,06/06/2025,South,Completed
ORD00614,CUST0195,Webcam,4,921.14,07-10-2025,north,PENDING
ORD00844,CUST0154,Monitor,5,647.32,2025-05-26,north,Completed
ORD01246,CUST0298,Headphones,1,971.21,08-17-2025,north,completed
ORD00053,CUST0159,Monitor,2 ,229.56,2025-01-12,West,PENDING
ORD01894,CUST0289,Laptop,4 ,937.1,01-06-2025,West,Pending
ORD00486,CUST0283,Mouse,2,971.87,21/01/2025, East ,Pending
ORD01967,CUST0105,Tablet,3,46.1,12/02/2025,West,PENDING
ORD00819,CUST0189,Keyboard,5,184.85,07-03-2025,West,completed
ORD01680,CUST0260,Tablet,1,758.09,29/04/2025,SOUTH,PENDING
ORD00156,CUST0166,Webcam,2,665.25,01/05/2025,SOUTH,Cancelled
ORD01367,CUST0068,Mouse,4,1252.76,2025-01-31,West,
ORD00601,CUST0096,Monitor,5,1450.52,05-24-2025,North,Completed
ORD01644,CUST0203,Laptop,5,1150.65,2025-05-07,SOUTH,
ORD00249,CUST0115,Laptop,1,1467.95,04-29-2025,SOUTH,PENDING
ORD00762,CUST0160,Webcam,2,1227.39,08-16-2025,north,Cancelled
ORD01878,CUST0123,Tablet,3,509.43,2025-04-18,North,Cancelled
ORD01131,CUST0287,Mouse,,707.97,03-22-2025,SOUTH,completed
ORD00543,CUST0086,Keyboard,1 ,196.31,03-02-2025,East,
ORD00794,CUST0035,Tablet,4,322.51,2025-07-23,SOUTH,Cancelled
ORD01142,CUST0008,Keyboard,3,825.23,2025-07-24,West,Completed
ORD01490,CUST0115,Mouse,4,1482.41,29/01/2025,West,completed
ORD00629,CUST0035,Charger,5,106.74,2025-05-01,North,
ORD00151,CUST0059,Charger,1 ,1449.64,02-13-2025,West,
ORD01683,CUST0091,Charger,1,460.39,27/02/2025, East ,
ORD00292,CUST0194,Mouse,4,1486.14,05-03-2025,West,PENDING
ORD00382,CUST0223,Keyboard,1,160.87,2025-02-22,West,
ORD00687,CUST0130,Headphones,4,994.11,01-20-2025,West,Cancelled
ORD01368,CUST0279,Headphones,2,986.11,2025-07-08,East,
ORD01225,CUST0291,Webcam,3,174.18,03/01/2025,SOUTH,Pending
ORD00898,CUST0012,Webcam,4 ,278.96,01-07-2025,East,completed
ORD00855,CUST0201,Laptop,3,21.73,06-11-2025,West,completed
ORD01072,CUST0149,Headphones,4,447.38,2025-02-24,SOUTH,
ORD00555,CUST0078,Laptop,5,42.98,27/01/2025,East,Pending
ORD01565,CUST0250,Headphones,5 ,25.54,27/06/2025,North,
ORD01730,CUST0140,Laptop,5,761.72,15/01/2025,South,Pending
ORD00892,CUST0068,Keyboard,5,958.33,14/07/2025,SOUTH,completed
ORD01801,CUST0071,Mouse,1,1423.99,2025-05-31,North,completed
ORD00536,CUST0250,Headphones,3 ,847.59,2025-05-26,West,Completed
ORD01365,CUST0016,Tablet,5,952.04,2025-05-06,West,
ORD00616,CUST0021,Charger,5,1150.09,2025-01-13,East,completed
ORD00155,CUST0091,Tablet,4,1134.12,07-14-2025,West,
ORD01194,CUST0207,Laptop,5 ,1377.87,11/01/2025,SOUTH,Completed
ORD01757,CUST0121,Headphones,2,919.75,12/02/2025,South,PENDING
ORD01825,CUST0071,Monitor,4 ,1301.16,22/02/2025,West,PENDING
ORD01827,CUST0210,Mouse,3,968.1,16/08/2025,South,Completed
ORD00323,CUST0155,Keyboard,3,149.08,03/04/2025,North,Cancelled
ORD01587,CUST0067,Tablet,3 ,919.43,07-15-2025,north,
ORD01283,CUST0122,Keyboard,1,428.24,24/06/2025,North,Pending
ORD00083,CUST0226,Webcam,2 ,1448.59,06/03/2025,North,Completed
ORD00513,CUST0027,Keyboard,4,1447.21,2025-01-02, East ,Pending
ORD01564,CUST0140,Charger,,25.24,30/07/2025,West,Cancelled
ORD01521,CUST0222,Laptop,2,854.73,01-07-2025,East,Completed
ORD00930,CUST0014,Tablet,5 ,499.01,2025-02-19,North,Completed
ORD01674,CUST0154,Webcam,4,568.62,19/03/2025,north,PENDING
ORD01358,CUST0155,Mouse,2,844.62,07/04/2025,SOUTH,completed
ORD00011,CUST0288,Headphones,,881.03,08-18-2025,West,Cancelled
ORD00832,CUST0076,Mouse,3,149.43,11/08/2025,South,Pending
ORD00033,CUST0038,Laptop,4,935.53,2025-05-25,North,PENDING
ORD01551,CUST0150,Mouse,3,1027.72,06-01-2025,South,Completed
ORD00414,CUST0216,Webcam,3,398.23,17/03/2025, East ,Completed
ORD00581,CUST0204,Laptop,,61.65,03-14-2025,North,PENDING
ORD01407,CUST0125,Laptop,3,864.27,25/02/2025,East,
ORD01590,CUST0244,Webcam,,271.07,2025-03-19, East ,PENDING
ORD01527,CUST0082,Keyboard,3,33.73,02-18-2025,East,PENDING
ORD01958,CUST0061,Mouse,,647.88,2025-03-27,South,Completed
ORD00615,CUST0020,Mouse,4,690.78,2025-08-13,South,PENDING
ORD01046,CUST0223,Headphones,5,196.6,2025-03-25,SOUTH,PENDING
ORD01403,CUST0141,Webcam,4 ,1036.6,03-04-2025, East ,PENDING
ORD01015,CUST0137,Laptop,,877.84,2025-01-11,South,PENDING
ORD00090,CUST0292,Headphones,4,195.29,26/06/2025,SOUTH,completed
ORD01744,CUST0290,Mouse,2,1400.09,07/04/2025,SOUTH,
ORD00602,CUST0171,Tablet,4,1119.14,05/01/2025,SOUTH,Cancelled
ORD01238,CUST0028,Monitor,5,224.79,09/07/2025,South,Pending
ORD01889,CUST0034,Headphones,3,865.39,2025-08-28,SOUTH,completed
ORD00134,CUST0076,Mouse,2,419.77,06-12-2025,north,
ORD01371,CUST0210,Keyboard,,1122.77,2025-08-03,East,Cancelled
ORD00556,CUST0120,Mouse,2,31.94,25/02/2025,West,Cancelled
ORD01032,CUST0113,Tablet,,689.12,03/06/2025,South,
ORD01606,CUST0063,Laptop,,216.69,08-24-2025,North,Pending
ORD00321,CUST0290,Tablet,3,1342.29,2025-07-15,North,Completed
ORD01818,CUST0268,Headphones,,157.26,08-09-2025,north,Cancelled
ORD01212,CUST0137,Monitor,1,802.88,2025-03-12,north,
ORD01783,CUST0132,Charger,2,1359.87,02-22-2025,South,Cancelled
ORD00635,CUST0131,Mouse,3,457.42,21/05/2025, East ,Completed
ORD00553,CUST0140,Headphones,,1116.96,27/07/2025,West,Pending
ORD01329,CUST0169,Keyboard,5,814.25,2025-07-04, East ,completed
ORD01056,CUST0099,Webcam,5,989.4,07-30-2025,north,Pending
ORD01643,CUST0246,Laptop,1,336.31,2025-03-01, East ,Pending
ORD00797,CUST0223,Laptop,5,308.97,2025-04-29,South,Pending
ORD01704,CUST0278,Webcam,2,1199.07,05-29-2025,South,Completed
ORD01265,CUST0178,Mouse,4,901.24,2025-06-06,north,completed
ORD01755,CUST0034,Webcam,1 ,659.08,28/07/2025,South,completed
ORD00175,CUST0071,Laptop,3,1376.92,05-01-2025, East ,Pending
ORD00767,CUST0075,Headphones,5,528.28,02-11-2025, East ,
ORD00246,CUST0033,Laptop,1 ,1479.34,2025-05-01,East,completed
ORD01081,CUST0011,Keyboard,2,522.74,01-04-2025,South,Completed
ORD01782,CUST0169,Monitor,4,40.83,02-03-2025,SOUTH,Cancelled
ORD00146,CUST0218,Tablet,5,668.65,2025-03-11, East ,PENDING
ORD00091,CUST0253,Tablet,1 ,901.07,16/08/2025,SOUTH,Cancelled
ORD01417,CUST0293,Headphones,2,1298.69,07-16-2025,West,PENDING
ORD00683,,Monitor,5 ,512.74,2025-06-26,East,PENDING
ORD00311,CUST0059,Headphones,5,1236.69,04-04-2025, East ,Completed
ORD01384,CUST0120,Mouse,4,644.58,03-10-2025,West,PENDING
ORD00094,CUST0054,Keyboard,3,623.35,07/05/2025,SOUTH,completed
ORD01700,CUST0294,Keyboard,4,512.24,27/06/2025,East,PENDING
ORD00925,CUST0127,Mouse,4,365.16,2025-03-29, East ,Cancelled
ORD00809,CUST0274,Monitor,4,588.82,21/08/2025,East,Cancelled
ORD01036,CUST0012,Charger,3,639.43,02/05/2025, East ,completed
ORD01401,CUST0009,Tablet,3,453.55,01-10-2025,North,Cancelled
ORD00244,CUST0029,Tablet,2,774.74,04-27-2025,North,PENDING
ORD01501,CUST0049,Monitor,4,1246.82,01-31-2025,SOUTH,Cancelled
ORD01112,CUST0152,Mouse,5,1330.82,2025-04-17,North,Pending
ORD00215,CUST0261,Charger,5,69.98,2025-01-10,SOUTH,Cancelled
ORD00578,CUST0054,Keyboard,2,829.45,10/05/2025,SOUTH,Pending
ORD01198,CUST0224,Monitor,2,141.14,05/07/2025, East ,PENDING
ORD00999,CUST0132,Charger,4,465.71,14/03/2025,north,PENDING
ORD00854,CUST0228,Tablet,4,39.25,04-26-2025,South,Pending
ORD00426,CUST0079,Monitor,,1031.75,03/01/2025,West,
ORD01810,CUST0057,Laptop,4,169.36,22/02/2025,South,Pending
ORD01143,CUST0152,Keyboard,1,427.37,04/04/2025,North,Completed
ORD01144,CUST0133,Tablet,3,1147.09,04-24-2025,South,Completed
ORD00227,CUST0178,Tablet,,392.1,2025-05-03,South,PENDING
ORD01669,CUST0172,Tablet,1,494.98,03/08/2025,north,completed
ORD00001,CUST0058,Laptop,,419.79,2025-02-27,SOUTH,Completed
ORD01419,CUST0163,Charger,2,1289.99,07/05/2025,East,completed
ORD00402,CUST0064,Laptop,2,564.98,02/06/2025,South,completed
ORD01429,CUST0274,Laptop,4,726.4,2025-07-05,East,completed
ORD01104,CUST0227,Monitor,3,410.5,05-29-2025, East ,completed
ORD00085,CUST0116,Charger,4 ,1363.67,03-18-2025,West,Cancelled
ORD00163,CUST0073,Webcam,3,1451.87,06-28-2025,West,Pending
ORD00115,CUST0026,Tablet,3,1165.85,02-28-2025, East ,Cancelled
ORD00671,CUST0144,Tablet,5,126.57,08-16-2025,North,Pending
ORD01175,CUST0194,Headphones,,87.11,2025-01-22,SOUTH,Completed
ORD01566,CUST0115,Mouse,,180.43,10/02/2025,North,Pending
ORD01554,CUST0246,Mouse,5,145.52,17/06/2025,north,PENDING
ORD01393,CUST0197,Keyboard,4,234.61,21/03/2025,SOUTH,completed
ORD00890,CUST0157,Headphones,2 ,282.78,09/07/2025,North,Completed
ORD01502,CUST0232,Charger,5,1476.62,01-22-2025,South,completed
ORD00626,CUST0095,Keyboard,1,983.38,2025-01-10, East ,Completed
ORD01139,CUST0111,Keyboard,,249.96,05-09-2025,SOUTH,PENDING
ORD01569,CUST0118,Laptop,4,284.87,07-15-2025, East ,Completed
ORD01150,CUST0163,Webcam,5 ,734.58,06-29-2025,West,Completed
ORD00953,CUST0041,Headphones,2,156.63,19/01/2025,North,PENDING
ORD00808,CUST0028,Monitor,3,833.56,03-21-2025,SOUTH,Cancelled
ORD00259,CUST0021,Mouse,2,1208.93,05-31-2025,SOUTH,PENDING
ORD00625,CUST0041,Laptop,2,1324.43,03-13-2025,SOUTH,PENDING
ORD00827,CUST0163,Charger,2,398.0,2025-03-22,South,completed
ORD00235,CUST0132,Keyboard,1,1107.56,22/07/2025,north,
ORD00136,CUST0283,Monitor,4,682.82,28/02/2025,East,completed
ORD00617,CUST0147,Tablet,2,639.47,2025-06-06,SOUTH,PENDING
ORD01980,CUST0266,Monitor,2,232.37,07-27-2025, East ,Completed
ORD00443,CUST0010,Mouse,4,624.38,05-23-2025,North,Completed
ORD00837,CUST0292,Keyboard,2,1296.29,07-25-2025,East,Cancelled
ORD00843,CUST0254,Mouse,3,707.65,21/01/2025,East,Pending
ORD00960,CUST0174,Monitor,4,644.32,12/07/2025, East ,
ORD00593,CUST0188,Webcam,2,487.9,06-02-2025,North,Cancelled
ORD01315,CUST0219,Tablet,5,198.01,27/04/2025,North,
ORD01526,CUST0096,Charger,2,404.37,01/07/2025,East,Cancelled
ORD01563,CUST0133,Charger,,860.1,08-10-2025,East,Pending
ORD01292,CUST0213,Mouse,,645.45,2025-03-14,North,Cancelled
ORD00344,CUST0165,Monitor,4 ,1374.62,23/03/2025, East ,Completed
ORD01692,CUST0246,Monitor,1 ,266.9,05-22-2025,SOUTH,PENDING
ORD01616,CUST0251,Webcam,5,1498.66,2025-02-18,north,Pending
ORD00294,CUST0128,Webcam,2,974.03,01-12-2025,SOUTH,
ORD00365,CUST0164,Monitor,1,1344.69,19/07/2025,North,completed
ORD00179,CUST0124,Charger,2,999.91,01-22-2025,East,Completed
ORD00660,CUST0032,Mouse,2,1227.38,08-16-2025, East ,
ORD00997,CUST0185,Charger,4,259.97,23/04/2025,north,PENDING
ORD00015,CUST0135,Keyboard,5,1369.82,08-11-2025,East,
ORD01111,CUST0125,Laptop,5 ,1041.14,06-10-2025,North,Completed
ORD01395,CUST0208,Laptop,2,485.35,05-28-2025,West,
ORD00166,CUST0175,Tablet,2 ,347.55,2025-02-05,North,Cancelled
ORD01932,CUST0034,Mouse,3,526.7,06-10-2025,north,completed
ORD01360,CUST0287,Tablet,4,1045.7,03-06-2025,North,PENDING
ORD00060,CUST0170,Tablet,4 ,102.78,02/08/2025,West,PENDING
ORD00710,CUST0121,Monitor,1,1480.04,01-25-2025,East,PENDING
ORD00677,CUST0090,Headphones,,361.93,02-16-2025, East ,Completed
ORD01379,CUST0108,Headphones,2,706.86,2025-01-09,north,
ORD00781,CUST0104,Headphones,,751.87,10/05/2025,north,Cancelled
ORD00425,CUST0056,Laptop,1,1037.73,17/04/2025,West,Completed
ORD00293,CUST0215,Laptop,3 ,1055.44,07-27-2025,north,
ORD01066,CUST0040,Monitor,1,256.02,2025-01-15,SOUTH,Cancelled
ORD01839,CUST0275,Tablet,1,1313.34,01-30-2025,South,Completed
ORD00330,CUST0162,Keyboard,2,422.68,2025-01-22,north,PENDING
ORD00430,CUST0077,Mouse,5,121.82,2025-07-05,East,
ORD01013,CUST0210,Tablet,,1370.33,01-28-2025,South,Completed
ORD00080,CUST0095,Monitor,2,1110.52,03-12-2025,north,PENDING
ORD01053,CUST0097,Keyboard,3,1285.57,2025-02-25,north,PENDING
ORD00938,CUST0170,Charger,2 ,606.47,2025-07-31,East,Completed
ORD00835,CUST0192,Mouse,3,239.13,21/01/2025, East ,
ORD00750,CUST0269,Webcam,1,1400.4,01/06/2025,North,Completed
ORD00891,CUST0023,Charger,4,863.86,25/05/2025,East,completed
ORD00255,CUST0219,Tablet,1,1458.71,06-14-2025,West,PENDING
ORD01780,CUST0157,Laptop,4 ,1483.41,02-24-2025,SOUTH,PENDING
ORD01483,CUST0034,Charger,,458.03,2025-06-29,SOUTH,
ORD01469,CUST0259,Webcam,5,743.09,28/05/2025,SOUTH,Completed
ORD01408,,Laptop,5,604.02,02-16-2025,East,Cancelled
ORD01338,CUST0274,Monitor,4,35.65,05-08-2025,West,Cancelled
ORD01109,CUST0043,Headphones,2 ,1408.51,2025-06-03, East ,Completed
ORD01599,,Tablet,,129.56,2025-05-22,South,PENDING
ORD00137,CUST0161,Charger,3,1001.01,2025-04-06,SOUTH,completed
ORD01136,CUST0162,Charger,,540.2,02-03-2025,SOUTH,Completed
ORD01219,CUST0172,Tablet,4,1104.87,20/05/2025,SOUTH,completed
ORD00853,CUST0045,Headphones,4,230.77,2025-04-19,North,Pending
ORD01203,CUST0125,Monitor,,126.24,2025-05-07,South,Completed
ORD01938,CUST0016,Webcam,4 ,577.6,08/06/2025,SOUTH,completed
ORD00724,CUST0184,Headphones,2,974.98,2025-01-24,West,
ORD00860,CUST0240,Keyboard,3,1087.26,10/04/2025, East ,
ORD00970,CUST0153,Charger,5,1236.91,2025-08-06,West,Pending
ORD00497,CUST0059,Tablet,,723.43,02-23-2025,South,
ORD00951,CUST0263,Webcam,4,682.22,21/04/2025,East,completed
ORD00806,CUST0029,Tablet,5,568.31,29/01/2025,north,completed
ORD00130,,Keyboard,1,543.78,2025-07-21,north,Cancelled
ORD00338,,Laptop,3 ,1002.46,06-18-2025,South,Completed
ORD00731,CUST0033,Webcam,3,684.09,05-09-2025, East ,Completed
ORD00609,CUST0097,Mouse,2,285.27,07-15-2025,north,Cancelled
ORD01149,CUST0239,Mouse,1,278.61,28/01/2025, East ,completed
ORD00196,CUST0154,Keyboard,,1067.25,06-29-2025,South,Cancelled
ORD01251,CUST0024,Laptop,,247.18,01-25-2025,North,completed
ORD01293,CUST0209,Webcam,4,1414.29,03-17-2025,North,Pending
ORD00875,CUST0177,Laptop,3,1351.31,2025-06-06,SOUTH,completed
ORD00910,CUST0232,Headphones,2,996.79,24/03/2025,South,completed
ORD00585,CUST0248,Keyboard,4,1240.3,06-26-2025,north,Completed
ORD00104,CUST0196,Charger,,1190.67,2025-06-16,West,Completed
ORD01618,CUST0198,Charger,1,1311.31,21/07/2025,West,
ORD01901,CUST0098,Webcam,5,511.91,2025-08-25,East,Pending
ORD01971,CUST0226,Mouse,,708.47,17/01/2025,SOUTH,Pending
ORD00720,CUST0268,Tablet,2,891.46,03/08/2025,East,Completed
ORD00885,CUST0270,Charger,5,842.86,19/07/2025, East ,Cancelled
ORD00777,CUST0143,Headphones,,1415.41,02/04/2025,SOUTH,PENDING
ORD01570,CUST0225,Keyboard,4,899.53,01-11-2025,north,Pending
ORD00850,CUST0250,Headphones,5,1221.57,07/06/2025,SOUTH,
ORD00895,CUST0287,Mouse,2,1433.2,05-19-2025, East ,Completed
ORD00228,CUST0140,Keyboard,1,927.36,2025-05-31,South,Completed
ORD01934,CUST0277,Keyboard,1 ,1401.52,26/04/2025,West,Completed
ORD01326,CUST0015,Headphones,3,766.16,16/08/2025,North,PENDING
ORD01300,CUST0186,Tablet,5,353.22,21/07/2025,South,PENDING
ORD00127,CUST0063,Tablet,1,997.53,06-14-2025,north,Completed
ORD00406,CUST0141,Charger,4,1278.86,28/04/2025,South,completed
ORD00776,CUST0034,Webcam,2,514.56,02/06/2025,North,Pending
ORD00822,CUST0135,Monitor,5 ,681.96,05/03/2025,north,
ORD00712,CUST0023,Laptop,,552.65,23/02/2025,East,Cancelled
ORD01942,CUST0085,Headphones,1,1029.86,23/08/2025,South,PENDING
ORD01061,CUST0025,Keyboard,3,1420.3,2025-04-10,East,
ORD01164,CUST0051,Mouse,1,143.56,01-05-2025,West,Completed
ORD00304,CUST0199,Charger,5,180.21,01/04/2025,north,Pending
ORD00268,CUST0259,Tablet,3 ,100.07,06-13-2025,north,completed
ORD01558,CUST0089,Webcam,,81.45,2025-01-08,East,completed
ORD00546,CUST0227,Keyboard,2,794.85,2025-02-13,North,
ORD00213,CUST0100,Webcam,5,440.02,04-09-2025,West,PENDING
ORD00897,CUST0297,Tablet,1,1212.31,05/06/2025,West,PENDING
ORD01493,CUST0074,Monitor,,132.46,01-25-2025,West,Cancelled
ORD01223,CUST0279,Tablet,5,270.68,08-22-2025,East,Cancelled
ORD00917,CUST0203,Mouse,3,857.96,2025-05-07,north,Pending
ORD01552,CUST0173,Tablet,,826.49,10/04/2025,North,
ORD00676,CUST0141,Headphones,1,1114.73,2025-06-04,north,
ORD01290,CUST0132,Laptop,,1268.95,06/08/2025,north,
ORD00815,CUST0067,Charger,3,682.72,08-12-2025,South,Cancelled
ORD01266,CUST0022,Mouse,1,749.93,02-27-2025,East,completed
ORD00343,CUST0197,Keyboard,2,1397.43,2025-08-08,north,
ORD00550,CUST0070,Webcam,3,709.1,01-03-2025,West,completed
ORD01411,CUST0169,Charger,4,1395.51,04/01/2025,East,Cancelled
ORD01215,CUST0123,Keyboard,3 ,1025.35,2025-02-12,East,completed
ORD00967,CUST0244,Keyboard,5,866.89,03-21-2025,South,PENDING
ORD01231,CUST0072,Monitor,3,212.18,2025-05-22,East,Cancelled
ORD00296,CUST0295,Monitor,4,567.44,04-29-2025,north,
ORD00696,CUST0104,Keyboard,5,68.6,04-09-2025,South,Cancelled
ORD01453,CUST0119,Monitor,3,757.65,03-23-2025,West,Completed
ORD00074,CUST0045,Headphones,4 ,373.36,04-29-2025,north,
ORD00606,CUST0071,Monitor,2,470.41,06-30-2025,South,completed
ORD00105,CUST0170,Mouse,4,158.57,22/08/2025,North,
ORD00646,CUST0160,Monitor,3,308.83,15/03/2025,north,Cancelled
ORD01405,CUST0041,Webcam,,1126.41,19/04/2025,North,Pending
ORD00859,CUST0148,Monitor,4,522.33,03-01-2025,South,PENDING
ORD01041,CUST0243,Keyboard,1 ,184.85,05-12-2025,East,PENDING
ORD00440,CUST0006,Keyboard,5,1274.78,07/08/2025, East ,Pending
ORD01020,CUST0165,Laptop,,546.71,01-12-2025,East,
ORD00092,CUST0118,Laptop,,1233.92,2025-05-28, East ,Pending
ORD01113,CUST0076,Webcam,,437.4,08-24-2025,West,
ORD01803,CUST0292,Mouse,,1220.25,2025-05-01,SOUTH,
ORD00909,CUST0072,Headphones,4,324.17,10/05/2025,SOUTH,Cancelled
ORD01475,CUST0296,Keyboard,2,1161.76,22/02/2025,South,Completed
ORD00103,CUST0165,Monitor,,365.82,2025-04-09, East ,completed
ORD00239,CUST0160,Mouse,,1375.03,17/03/2025,north,Pending
ORD01749,CUST0176,Webcam,4,1433.95,03-08-2025,north,PENDING
ORD00943,CUST0223,Mouse,1,225.2,2025-08-25, East ,Pending
ORD01271,CUST0008,Monitor,1,124.15,02/02/2025,South,Cancelled
ORD00939,CUST0059,Keyboard,3 ,666.21,06-11-2025, East ,Cancelled
ORD01739,CUST0152,Webcam,1,532.33,21/08/2025,SOUTH,completed
ORD01182,CUST0065,Headphones,3,727.55,24/01/2025,SOUTH,PENDING
ORD01504,CUST0078,Laptop,5 ,550.36,02-28-2025,north,Pending
ORD01670,CUST0113,Webcam,,617.92,2025-07-12,South,
ORD00006,CUST0024,Monitor,3,1477.98,2025-08-07, East ,Completed
ORD01867,CUST0182,Monitor,5,394.0,03-22-2025,North,completed
ORD00966,CUST0067,Charger,4,1117.28,2025-04-10,South,Pending
ORD00019,CUST0109,Monitor,,474.46,06-21-2025,East,completed
ORD01431,CUST0075,Headphones,5,1132.83,01-29-2025,South,Cancelled
ORD00122,CUST0288,Webcam,5,339.84,01-17-2025, East ,completed
ORD00662,,Headphones,4,1079.51,23/08/2025,North,PENDING
ORD00574,CUST0041,Tablet,,100.44,05-23-2025,West,Cancelled
ORD00275,CUST0279,Laptop,2,1393.86,2025-03-22,South,PENDING
ORD00434,CUST0234,Headphones,4,1037.95,03/05/2025,SOUTH,Pending
ORD00812,CUST0217,Mouse,2,1050.74,2025-05-10,East,completed
ORD01301,CUST0276,Monitor,4,1014.42,2025-06-20,north,Cancelled
ORD01336,CUST0100,Headphones,3 ,643.48,2025-07-10,East,Cancelled
ORD01921,CUST0225,Monitor,4,1301.21,03-01-2025,South,Completed
ORD01944,CUST0176,Webcam,1,343.09,08-29-2025,North,PENDING
ORD01571,CUST0023,Laptop,2,518.61,2025-03-06,East,completed
ORD00182,CUST0023,Webcam,5,514.44,2025-06-14, East ,
ORD00185,CUST0147,Webcam,1,1300.04,26/03/2025,North,Cancelled
ORD00407,CUST0204,Mouse,1,772.16,19/06/2025,north,
ORD00866,CUST0225,Tablet,1 ,1462.24,07-20-2025,north,Completed
ORD01631,CUST0140,Webcam,4,1478.07,06-04-2025,South,
ORD01717,CUST0229,Monitor,2,159.55,21/01/2025,SOUTH,completed
ORD00521,CUST0263,Headphones,5,1221.59,28/05/2025,SOUTH,completed
ORD01004,CUST0125,Tablet,1,1382.99,04-03-2025,SOUTH,
ORD00381,CUST0039,Mouse,3,895.11,07/06/2025,SOUTH,Completed
ORD01435,CUST0082,Headphones,4 ,1072.49,22/06/2025,South,
ORD01659,CUST0255,Charger,4,624.51,01-04-2025,North,
ORD01394,CUST0216,Keyboard,2,603.34,2025-05-13,West,Completed
ORD01425,CUST0151,Mouse,1,318.44,29/04/2025,South,
ORD01613,CUST0177,Laptop,5,1135.92,2025-04-21,SOUTH,
ORD00428,CUST0103,Headphones,5,1459.95,04-02-2025,West,Cancelled
ORD00079,CUST0139,Headphones,3,353.5,2025-07-04,East,Completed
ORD01598,CUST0164,Keyboard,1,977.61,29/06/2025,East,completed
ORD01010,CUST0252,Laptop,1,114.06,28/06/2025,north,completed
ORD00368,CUST0184,Laptop,,1053.84,05-26-2025,South,PENDING
ORD01662,CUST0119,Laptop,3,552.41,03/06/2025,West,completed
ORD00608,CUST0016,Webcam,4,1442.18,19/03/2025,SOUTH,
ORD01833,CUST0152,Tablet,1,995.88,02-27-2025,South,Completed
ORD01702,CUST0123,Monitor,3,1458.79,19/02/2025,north,
ORD01683,CUST0091,Charger,1,460.39,27/02/2025, East ,
ORD01058,CUST0209,Mouse,3,963.86,03/04/2025, East ,Cancelled
ORD01441,CUST0269,Monitor,,311.77,2025-06-20,West,
ORD01515,CUST0254,Charger,4,94.41,27/01/2025, East ,
ORD01586,CUST0140,Keyboard,,608.8,2025-07-20,South,completed
ORD01092,CUST0098,Monitor,,674.2,2025-01-26,north,PENDING
ORD01561,,Laptop,1,1383.91,02-22-2025,North,Cancelled
ORD01102,CUST0151,Webcam,1,942.67,03/01/2025,South,
ORD01130,CUST0194,Keyboard,,325.68,2025-06-08,South,completed
ORD01236,CUST0266,Tablet,1,136.14,03-11-2025,North,Cancelled
ORD01815,CUST0008,Tablet,5,107.29,27/04/2025,East,
ORD00959,CUST0192,Keyboard,5,1311.89,03-20-2025,North,completed
ORD01663,CUST0191,Keyboard,3,1105.44,30/03/2025,South,PENDING
ORD00560,CUST0107,Tablet,4,1025.35,21/03/2025,South,
ORD00847,CUST0214,Headphones,3,884.94,04-27-2025,West,PENDING
ORD01793,CUST0070,Tablet,4,834.84,05-22-2025, East ,Cancelled
ORD00691,,Headphones,4 ,37.96,2025-05-08,SOUTH,
ORD01520,CUST0202,Laptop,3,974.16,23/04/2025,north,PENDING
ORD01993,CUST0234,Headphones,5 ,164.41,15/07/2025,South,Completed
ORD01919,CUST0008,Keyboard,,147.48,05-06-2025,north,Pending
ORD01760,CUST0183,Mouse,1 ,256.18,21/03/2025,North,Completed
ORD00437,CUST0211,Tablet,1,104.37,17/06/2025,North,
ORD00491,CUST0184,Laptop,2,1144.59,2025-03-01,East,Cancelled
ORD01762,CUST0270,Mouse,5,433.82,17/01/2025,north,Cancelled
ORD01891,CUST0152,Tablet,1,1334.84,2025-03-17,north,Cancelled
ORD01630,CUST0243,Monitor,2 ,953.27,25/03/2025, East ,PENDING
ORD01388,CUST0192,Laptop,4,247.4,26/01/2025,north,
ORD00070,CUST0125,Mouse,,1161.0,08-06-2025,north,Completed
ORD01573,CUST0225,Laptop,4 ,113.38,03-04-2025,north,Cancelled
ORD00809,CUST0274,Monitor,4,588.82,21/08/2025,East,Cancelled
ORD01185,CUST0250,Charger,4,641.37,11/07/2025, East ,Cancelled
ORD00012,CUST0261,Tablet,1,1136.12,2025-08-09,South,
ORD00145,CUST0167,Mouse,1,241.81,07-13-2025,North,
ORD00918,CUST0290,Keyboard,1,886.37,2025-07-10,South,Cancelled
ORD01542,CUST0184,Mouse,1,924.64,16/05/2025,SOUTH,Pending
ORD01452,CUST0156,Mouse,4 ,520.22,06-25-2025, East ,Pending
ORD00640,CUST0200,Keyboard,5,184.1,20/07/2025,SOUTH,Cancelled
ORD00177,CUST0148,Monitor,3 ,191.55,03/03/2025,SOUTH,PENDING
ORD00995,CUST0105,Monitor,5,126.47,05/07/2025,East,Pending
ORD00441,CUST0124,Webcam,3,85.02,02-27-2025,SOUTH,completed
ORD00522,CUST0125,Webcam,4,1025.58,08-18-2025, East ,Completed
ORD00719,CUST0152,Keyboard,,1429.61,2025-08-20,north,PENDING
ORD01997,CUST0177,Keyboard,,879.35,2025-07-30, East ,Completed
ORD01713,CUST0182,Monitor,2,44.2,30/05/2025, East ,Pending
ORD01005,CUST0076,Headphones,5,688.65,2025-06-24,East,Pending
ORD01256,CUST0099,Mouse,5,46.12,2025-06-21,South,Completed
ORD01235,,Headphones,1,1135.45,2025-04-11,West,
ORD01665,CUST0045,Headphones,2,505.88,04-02-2025,West,completed
ORD00144,CUST0016,Mouse,,800.42,07/04/2025,West,Cancelled
ORD00754,CUST0214,Keyboard,4,1361.12,2025-06-15,North,Completed
ORD00520,CUST0003,Headphones,2,616.63,01-28-2025,North,PENDING
ORD00588,CUST0077,Webcam,5,1049.68,2025-02-09,SOUTH,
ORD01323,CUST0249,Tablet,,594.39,04-02-2025,West,Cancelled
ORD00823,CUST0241,Keyboard,3,1461.85,04-12-2025,South,
ORD01791,CUST0232,Monitor,1,860.7,01-05-2025,East,
ORD00429,CUST0107,Tablet,3,359.41,01-04-2025,North,Completed
ORD00613,CUST0225,Tablet,,494.09,2025-04-28,West,completed
ORD01506,CUST0206,Headphones,4,1352.43,18/04/2025,West,Cancelled
ORD01784,CUST0159,Mouse,1 ,1474.39,2025-08-12, East ,Completed
ORD01033,CUST0018,Webcam,3,758.54,2025-06-26,East,
ORD00157,CUST0181,Mouse,3,698.0,2025-01-10,East,Cancelled
ORD00540,CUST0147,Tablet,,1435.33,2025-08-11,SOUTH,Cancelled
ORD01531,CUST0014,Tablet,2,1251.54,2025-02-26,South,completed
ORD01461,CUST0241,Laptop,,591.19,08-21-2025,West,Pending
ORD01291,CUST0056,Mouse,5,671.28,2025-05-11,South,Pending
ORD00462,CUST0100,Headphones,4 ,274.36,2025-06-24,South,Pending
ORD00577,CUST0286,Charger,,167.22,06-13-2025,East,
ORD01363,CUST0159,Webcam,1 ,1367.45,23/08/2025,north,Completed
ORD00256,CUST0077,Headphones,4,283.98,18/05/2025,South,Pending
ORD00980,CUST0053,Charger,,469.4,01-14-2025,North,Completed
ORD01186,CUST0220,Monitor,5,535.84,08-18-2025, East ,Completed
ORD01007,CUST0042,Monitor,4,257.08,20/04/2025,SOUTH,Cancelled
ORD01522,CUST0015,Tablet,3,544.3,24/06/2025,East,Pending
ORD01690,CUST0006,Webcam,1,770.19,2025-01-04,north,
ORD00561,CUST0282,Mouse,3,727.03,2025-03-18,East,Completed
ORD00209,CUST0082,Webcam,5,1084.48,2025-02-18,West,PENDING
ORD00911,CUST0069,Laptop,5,720.03,2025-08-19,SOUTH,Pending
ORD01312,CUST0148,Headphones,4,663.99,2025-08-15,East,Cancelled
ORD00002,CUST0045,Charger,1,54.4,2025-02-25,north,PENDING
ORD01366,CUST0054,Laptop,3,52.97,08-17-2025,South,
ORD00270,CUST0221,Keyboard,1,1377.89,2025-05-15,South,Pending
ORD00266,CUST0087,Keyboard,,824.35,02-17-2025,SOUTH,Completed
ORD00915,CUST0184,Monitor,1,1226.26,10/06/2025, East ,
ORD00231,CUST0165,Headphones,,98.15,2025-07-16,SOUTH,PENDING
ORD01978,CUST0225,Laptop,2,860.85,2025-04-23,South,Completed
ORD01120,CUST0126,Charger,4,828.52,05-18-2025,West,PENDING
ORD00632,CUST0270,Webcam,2,925.29,05-08-2025,SOUTH,
ORD00865,CUST0286,Headphones,2 ,1281.58,08-12-2025,north,
ORD01067,CUST0006,Charger,,767.94,2025-07-07,West,completed
ORD00874,CUST0267,Headphones,4,608.98,06-24-2025,north,Cancelled
ORD01868,CUST0053,Mouse,1 ,1069.85,04-27-2025,West,
ORD00399,CUST0209,Tablet,5,1302.11,2025-07-30,north,Pending
ORD01879,CUST0151,Keyboard,5,808.8,08-29-2025,North,Cancelled
ORD01653,CUST0128,Mouse,5,169.82,2025-01-01,north,Completed
ORD00046,CUST0134,Keyboard,5,1444.18,2025-03-09,North,PENDING
ORD00162,CUST0049,Charger,3,385.47,08-07-2025,north,Pending
ORD00992,CUST0013,Monitor,,503.59,2025-03-04,north,Completed
ORD00728,CUST0187,Laptop,1,580.6,04-30-2025,North,Cancelled
ORD00630,CUST0212,Monitor,,321.49,2025-01-15,north,
ORD00289,CUST0295,Monitor,3,570.32,29/07/2025,East,Completed
ORD01614,CUST0046,Webcam,5,1159.37,23/08/2025,SOUTH,
ORD01060,CUST0157,Tablet,1,798.15,06-29-2025, East ,Cancelled
ORD01132,CUST0191,Charger,2,412.18,2025-01-27,East,PENDING
ORD00576,CUST0273,Charger,2,297.75,2025-06-18,north,
ORD00851,CUST0155,Mouse,2,211.32,2025-02-18, East ,Completed
ORD01340,CUST0160,Webcam,2,1216.42,2025-01-22,north,Pending
ORD01943,CUST0248,Keyboard,3,589.72,2025-05-28,West,PENDING
ORD00912,CUST0251,Charger,5,130.91,08-13-2025,SOUTH,Completed
ORD01255,CUST0252,Tablet,,436.27,02-21-2025,South,completed
ORD01834,CUST0105,Webcam,,1137.32,14/07/2025, East ,
ORD01723,CUST0218,Mouse,4,389.84,28/02/2025,East,Cancelled
ORD01872,CUST0269,Laptop,1,1368.15,2025-02-23, East ,Completed
ORD01736,CUST0250,Monitor,1,331.2,07-18-2025, East ,Pending
ORD00933,CUST0278,Keyboard,2,709.59,04/06/2025,East,Cancelled
ORD01101,CUST0189,Webcam,1,1420.18,08-15-2025,East,
ORD01658,CUST0012,Tablet,1 ,1099.84,2025-02-09,North,completed
ORD01208,CUST0015,Tablet,,801.02,01/04/2025,North,PENDING
ORD00248,CUST0277,Keyboard,,1291.83,2025-01-31,north,completed
ORD01844,CUST0280,Mouse,,1142.61,2025-04-28,SOUTH,Cancelled
ORD01679,CUST0232,Monitor,5,621.8,01-03-2025,South,PENDING
ORD00477,CUST0152,Keyboard,3 ,1019.16,08-23-2025,SOUTH,Cancelled
ORD01695,CUST0192,Charger,4,913.59,2025-08-10,SOUTH,Pending
ORD00086,CUST0051,Monitor,,324.43,2025-06-19,South,Pending
ORD00470,CUST0264,Mouse,1,259.42,07-17-2025,north,Completed
ORD00226,CUST0195,Charger,3,1432.37,2025-07-25,East,Completed
ORD00775,CUST0044,Mouse,2,598.27,06-27-2025,North,
ORD00332,CUST0123,Tablet,4,177.99,05-08-2025,north,Completed
ORD00234,CUST0269,Tablet,2,1278.08,30/04/2025,South,Completed
ORD00589,CUST0295,Mouse,2,653.58,21/07/2025,South,Pending
ORD00476,CUST0203,Laptop,4,242.92,2025-02-26,SOUTH,completed
ORD01285,CUST0007,Mouse,3 ,856.98,24/03/2025, East ,Pending
ORD01922,CUST0164,Charger,1,514.32,27/05/2025,SOUTH,Completed
ORD00600,CUST0198,Monitor,4,767.73,2025-07-01,East,completed
ORD00422,CUST0267,Webcam,4,1333.08,04/02/2025,West,Cancelled
ORD01712,CUST0142,Headphones,4,368.61,02-26-2025,north,PENDING
ORD00183,CUST0094,Keyboard,1,1076.91,2025-04-28,East,Pending
ORD00989,CUST0258,Laptop,2,41.61,2025-07-14,East,Pending
ORD01001,CUST0208,Charger,4,1456.03,06/04/2025,West,Cancelled
ORD01642,CUST0134,Monitor,2,94.21,06-24-2025,North,Completed
ORD01357,CUST0001,Webcam,1,1344.97,2025-01-14,north,completed
ORD01463,CUST0242,Keyboard,,120.24,07-18-2025,West,Pending
ORD00050,CUST0195,Keyboard,5,857.97,04-14-2025, East ,Completed
ORD01929,CUST0138,Monitor,4,938.92,19/05/2025, East ,PENDING
ORD01030,CUST0275,Monitor,4 ,1469.98,23/03/2025, East ,
ORD00530,CUST0277,Laptop,5 ,527.46,08-09-2025, East ,Pending
ORD01259,CUST0071,Mouse,4,646.99,2025-04-07,north,Completed
ORD00487,CUST0040,Mouse,1,1275.89,2025-06-11, East ,PENDING
ORD01637,CUST0193,Laptop,,657.05,24/03/2025,South,Cancelled
ORD00498,CUST0023,Keyboard,5 ,892.6,02-04-2025,north,Completed
ORD01647,CUST0192,Charger,2,1253.89,07-13-2025,East,Cancelled
ORD00107,CUST0169,Charger,3 ,943.93,16/08/2025, East ,PENDING
ORD00444,CUST0156,Monitor,,1010.5,29/03/2025, East ,Completed
ORD01513,CUST0175,Headphones,1,578.44,17/08/2025,North,
ORD00647,CUST0140,Keyboard,2,417.72,01-04-2025,north,PENDING
ORD01037,CUST0145,Headphones,,1385.37,06-29-2025,West,Completed
ORD01763,CUST0264,Mouse,4,913.66,26/06/2025,North,completed
ORD00727,CUST0139,Monitor,,130.63,14/08/2025,SOUTH,Completed
ORD00191,CUST0188,Webcam,4,1424.71,01-09-2025,South,
ORD01789,CUST0086,Monitor,5,959.86,07-18-2025,SOUTH,
ORD01857,CUST0128,Monitor,4,1080.09,02-18-2025,SOUTH,Completed
ORD00283,CUST0048,Webcam,4,28.39,16/04/2025, East ,Completed
ORD00030,CUST0096,Mouse,5,111.26,2025-08-09,West,Completed
ORD00170,CUST0226,Tablet,3,1169.4,05-09-2025,West,Pending
ORD01002,CUST0210,Laptop,1,583.39,2025-05-25,South,completed
ORD01205,CUST0160,Tablet,,239.46,2025-05-10,South,Pending
ORD00101,CUST0036,Headphones,4,516.41,07-21-2025,East,Completed
ORD00198,CUST0283,Keyboard,5,1327.53,17/01/2025,West,
ORD00496,CUST0077,Keyboard,2,549.71,2025-07-03,SOUTH,Pending
ORD01746,CUST0023,Headphones,1,1430.8,19/02/2025,north,Pending
ORD00648,CUST0282,Webcam,3,220.92,30/06/2025,north,Pending
ORD00988,CUST0163,Tablet,1,509.31,06-05-2025,West,completed
ORD00045,CUST0143,Mouse,3 ,533.21,11/05/2025,SOUTH,PENDING
ORD01990,CUST0060,Mouse,4 ,610.02,2025-02-03,North,Completed
ORD00711,CUST0107,Headphones,1,298.64,2025-07-23,SOUTH,completed
ORD00374,CUST0183,Monitor,,887.54,14/02/2025,East,
ORD00679,CUST0108,Webcam,1,966.97,2025-07-13,North,Pending
ORD00567,CUST0225,Headphones,5,1048.59,02-18-2025,South,PENDING
ORD01673,CUST0096,Mouse,1,387.62,31/01/2025,East,
ORD01822,CUST0218,Headphones,,1208.84,2025-05-31,SOUTH,completed
ORD00848,CUST0096,Monitor,2,126.55,04/06/2025, East ,
ORD00461,CUST0227,Monitor,,1059.9,15/06/2025, East ,PENDING
ORD01438,CUST0268,Webcam,4,1299.46,05-05-2025,South,PENDING
ORD01156,CUST0200,Laptop,5,1176.78,2025-06-02,North,
ORD00040,CUST0076,Charger,2,72.32,2025-04-04,East,Pending
ORD00435,CUST0031,Keyboard,1,629.88,01/06/2025, East ,PENDING
ORD00974,CUST0167,Charger,4,255.61,02-23-2025,North,completed
ORD01240,CUST0035,Laptop,2,909.65,01-31-2025,North,Pending
ORD01008,CUST0196,Headphones,,623.3,08-13-2025, East ,Completed
ORD01580,CUST0236,Charger,,1320.91,2025-08-07,West,Pending
ORD01591,CUST0084,Charger,1,803.13,08/06/2025,South,PENDING
ORD01787,CUST0010,Mouse,1,251.82,2025-03-29,north,
ORD01499,CUST0264,Webcam,3,1495.06,17/02/2025,East,completed
ORD00457,CUST0103,Headphones,2,1475.46,24/06/2025,South,Completed
ORD01836,CUST0056,Mouse,2,325.56,09/02/2025,North,completed
ORD00261,CUST0125,Monitor,4,1373.54,22/05/2025, East ,Cancelled
ORD01841,CUST0119,Keyboard,2,1362.92,05-11-2025,north,Completed
ORD00036,CUST0284,Keyboard,3,429.82,02-23-2025,East,Pending
ORD00828,CUST0185,Charger,3,1355.16,03-09-2025, East ,Cancelled
ORD01936,CUST0255,Keyboard,2,486.97,2025-05-28,West,
ORD00310,CUST0276,Headphones,2 ,1173.3,05-25-2025, East ,completed
ORD00277,CUST0197,Keyboard,,1089.0,05-09-2025,East,Completed
ORD00637,CUST0070,Tablet,2,944.53,08-17-2025,East,completed
ORD00655,CUST0053,Charger,,1197.17,03-25-2025,SOUTH,Completed
ORD00623,,Keyboard,1,1348.83,2025-02-21,north,Cancelled
ORD01860,CUST0271,Charger,2,165.1,19/07/2025,North,completed
ORD00845,CUST0262,Charger,4,150.78,06-19-2025,north,Cancelled
ORD00394,CUST0055,Mouse,3,1302.54,14/08/2025,West,Cancelled
ORD01770,CUST0168,Charger,,479.03,08-23-2025, East ,
ORD00108,CUST0148,Monitor,,144.67,01-26-2025,SOUTH,Completed
ORD00350,CUST0073,Headphones,1,75.41,03-01-2025,West,
ORD00525,CUST0244,Webcam,3,335.66,27/05/2025,South,
ORD00785,CUST0288,Keyboard,5,93.05,09/03/2025,north,completed
ORD00048,CUST0001,Monitor,3 ,652.63,20/06/2025,north,Cancelled
ORD00204,CUST0042,Laptop,,1158.82,03-09-2025,South,PENDING
ORD00672,CUST0040,Headphones,5,88.63,03-29-2025, East ,Completed
ORD01656,CUST0135,Tablet,2,189.28,06-12-2025,SOUTH,Completed
ORD00022,CUST0110,Keyboard,,1403.92,05-27-2025,West,Pending
ORD00403,CUST0084,Headphones,,1248.0,24/01/2025,North,completed
ORD01108,CUST0007,Mouse,4 ,582.15,2025-01-29, East ,
ORD01155,CUST0215,Tablet,4,807.9,2025-07-20,SOUTH,completed
ORD01440,CUST0062,Monitor,3,753.2,05-26-2025,North,
ORD01625,CUST0229,Webcam,4,376.7,03-25-2025,South,Cancelled
ORD00990,CUST0041,Laptop,2 ,568.04,2025-03-17,South,completed
ORD01866,CUST0020,Headphones,,962.23,07/08/2025,South,Pending
ORD00742,CUST0280,Webcam,,1061.12,02/05/2025, East ,PENDING
ORD01722,CUST0232,Laptop,4,861.77,03/04/2025,North,completed
ORD01311,CUST0108,Charger,5,424.6,08-14-2025,East,Completed
ORD01148,CUST0205,Mouse,2,588.45,04-29-2025,North,Cancelled
ORD00034,CUST0179,Mouse,2,560.6,10/02/2025, East ,PENDING
ORD00788,CUST0121,Headphones,5,136.56,2025-06-26, East ,Cancelled
ORD01541,CUST0292,Charger,2 ,1151.79,06-24-2025,East,Completed
ORD00924,CUST0050,Laptop,4,653.6,01-07-2025, East ,
ORD01044,CUST0062,Mouse,1,191.86,06-14-2025,north,Pending
ORD01987,CUST0101,Laptop,5 ,629.22,2025-05-01,South,
ORD01244,CUST0149,Headphones,,159.03,31/05/2025,East,
ORD01916,CUST0026,Keyboard,5,491.3,06/02/2025,East,PENDING
ORD00580,CUST0124,Monitor,4,1150.91,08-26-2025,East,Cancelled
ORD00482,CUST0250,Webcam,3,201.04,2025-06-17,North,Cancelled
ORD00932,CUST0071,Laptop,1,200.24,30/05/2025,north,
ORD00357,CUST0090,Laptop,4 ,1283.36,05-23-2025,north,Pending
ORD01686,CUST0143,Charger,5,1056.05,2025-01-18,North,Cancelled
ORD01249,CUST0072,Headphones,,461.37,2025-04-11, East ,
ORD00760,CUST0071,Headphones,3,1170.42,16/04/2025,South,Completed
ORD00093,CUST0143,Keyboard,5,659.47,28/07/2025,North,completed
ORD01176,CUST0053,Mouse,4,1391.53,2025-02-01,South,Cancelled
ORD01416,CUST0276,Keyboard,4,914.61,2025-08-06,North,completed
ORD01342,CUST0031,Tablet,3,623.67,09/07/2025, East ,Pending
ORD01473,CUST0151,Laptop,5,1244.05,2025-01-05,South,Cancelled
ORD00804,CUST0269,Headphones,4,1328.0,03-02-2025,North,Cancelled
ORD00746,CUST0202,Monitor,4 ,483.46,06-04-2025,North,
ORD01547,CUST0192,Mouse,2 ,12.58,2025-05-16,North,Cancelled
ORD00280,CUST0044,Headphones,2,1072.53,22/01/2025,South,completed
ORD01608,CUST0244,Monitor,,1482.02,06-04-2025,South,completed
ORD00765,CUST0056,Laptop,,775.08,16/01/2025,North,Cancelled
ORD00605,CUST0117,Charger,2 ,863.62,20/04/2025,north,Cancelled
ORD01045,CUST0294,Tablet,3,1043.65,01-25-2025,South,completed
ORD01374,CUST0098,Keyboard,3,89.47,30/06/2025,South,Cancelled
ORD01952,CUST0234,Charger,5 ,798.53,02-01-2025,north,PENDING
ORD01399,CUST0233,Charger,1 ,702.5,2025-01-11, East ,completed
ORD00401,CUST0234,Laptop,3,1059.9,12/03/2025, East ,completed
ORD01729,CUST0189,Keyboard,2,805.15,2025-02-17, East ,Completed
ORD00258,CUST0170,Mouse,4,1272.23,01-24-2025,SOUTH,Pending
ORD00945,CUST0151,Keyboard,3,378.29,11/06/2025, East ,Pending
ORD01876,CUST0064,Headphones,1,813.45,2025-02-27,West,PENDING
ORD01097,CUST0288,Charger,4,914.76,2025-02-22,North,Pending
ORD01220,CUST0181,Headphones,,507.27,05-13-2025, East ,PENDING
ORD01508,CUST0031,Charger,2,224.25,2025-07-30, East ,Pending
ORD01880,CUST0173,Monitor,4,1404.03,20/04/2025, East ,
ORD01162,CUST0268,Webcam,1,1390.26,28/04/2025,East,Pending
ORD00495,CUST0247,Laptop,5,1324.23,2025-04-23,South,Completed
ORD00773,CUST0228,Monitor,5,616.85,07/08/2025,South,Completed
ORD00551,CUST0150,Monitor,1,826.84,18/02/2025,north,completed
ORD01487,CUST0093,Webcam,1,1181.97,08/01/2025,South,Cancelled
ORD00202,CUST0283,Headphones,2,941.28,06-07-2025,North,PENDING
ORD00313,CUST0045,Tablet,1,1165.69,2025-03-02, East ,
ORD00291,CUST0036,Charger,,753.96,12/06/2025,South,Cancelled
ORD01985,CUST0178,Keyboard,2,1309.29,2025-05-27,North,Pending
ORD01214,CUST0148,Headphones,,14.63,02-17-2025,SOUTH,PENDING
ORD00764,CUST0041,Charger,,1146.91,2025-01-29,North,completed
ORD01137,CUST0258,Mouse,5,1213.17,2025-02-08,north,completed
ORD00950,CUST0282,Mouse,2 ,1129.92,17/03/2025,north,Cancelled
ORD00184,CUST0022,Webcam,3,777.92,07-28-2025,West,Cancelled
ORD01177,CUST0040,Tablet,3,1369.95,23/02/2025,North,completed
ORD01849,CUST0268,Mouse,2,271.83,15/07/2025,north,PENDING
ORD01350,CUST0085,Tablet,1 ,483.36,2025-02-15,West,Completed
ORD01728,CUST0040,Mouse,1,410.88,2025-07-20,north,Completed
ORD01069,CUST0177,Monitor,,995.15,08-24-2025,SOUTH,PENDING
ORD01469,CUST0259,Webcam,5,743.09,28/05/2025,SOUTH,Completed
ORD01812,CUST0075,Monitor,4,536.24,08-11-2025, East ,
ORD01031,CUST0114,Mouse,4,23.69,07/08/2025,East,Pending
ORD00251,CUST0009,Monitor,2,110.26,2025-06-02,West,PENDING
ORD00824,CUST0132,Mouse,1,839.93,14/01/2025,South,completed
ORD01100,,Headphones,1,967.2,2025-03-05,north,Completed
ORD01537,CUST0284,Monitor,4,411.01,2025-08-03,West,PENDING
ORD00941,CUST0101,Laptop,2,1265.89,2025-08-22,North,
ORD00392,CUST0035,Mouse,4,838.98,22/05/2025, East ,Cancelled
ORD01920,CUST0266,Charger,2,863.05,03-29-2025, East ,completed
ORD01457,CUST0158,Charger,5,596.38,2025-04-17, East ,completed
ORD01093,CUST0104,Keyboard,1,200.47,04-18-2025,SOUTH,Cancelled
ORD01927,CUST0054,Headphones,4,858.45,2025-07-07,north,
ORD00905,CUST0073,Webcam,5,1478.11,2025-07-20,north,completed
ORD00367,CUST0113,Charger,3,1403.46,2025-08-05,South,Pending
ORD00346,CUST0160,Webcam,1,834.11,03/01/2025,South,Cancelled
ORD01373,CUST0011,Keyboard,1,334.11,06/04/2025,North,
ORD01640,CUST0183,Webcam,1,624.84,2025-07-12,West,completed
ORD00920,CUST0233,Laptop,4,965.04,2025-06-16, East ,Cancelled
ORD00212,CUST0221,Keyboard,3,1093.99,15/07/2025,East,Completed
ORD01604,CUST0293,Monitor,1,1296.9,01-03-2025,North,
ORD00538,CUST0132,Webcam,1,623.52,03-31-2025,north,Pending
ORD01221,CUST0266,Laptop,2 ,1468.17,2025-08-08,SOUTH,Pending
ORD00176,CUST0003,Mouse,1,391.33,2025-08-02,north,
